question_id,article_id,content_hash,passage_title,question_preview,score,status,passed_total,failed_checks,run_id,grammatical_parallel,plausibility,homogeneity,specificity_balance,standard_alignment,clarity_precision,single_correct_answer,passage_reference,length_check,too_close,difficulty_assessment
quiz_302005,article_101001,c1129dde7395,"Aladdin and the Wonderful Lamp, Part I","In the story, the magician tells Aladdin that finding the...",91%,✅,10/11,length_check,migrated_20251219,✅,✅,✅,✅,✅,✅,✅,✅,❌,✅,✅
quiz_302005_sibling_1,article_101001,3ef7013bb399,"Aladdin and the Wonderful Lamp, Part I",What does the phrase 'the earth split open' describe in t...,100%,✅,11/11,,migrated_20251219,✅,✅,✅,✅,✅,✅,✅,✅,✅,✅,✅
quiz_302005_sibling_2,article_101001,f6f8e41cb047,"Aladdin and the Wonderful Lamp, Part I","According to the first paragraph, what does it mean that...",100%,✅,11/11,,migrated_20251219,✅,✅,✅,✅,✅,✅,✅,✅,✅,✅,✅
quiz_302005_sibling_3,article_101001,d2e63fce1806,"Aladdin and the Wonderful Lamp, Part I",What does the magician mean when he says the lamp 'had am...,100%,✅,11/11,,migrated_20251219,✅,✅,✅,✅,✅,✅,✅,✅,✅,✅,✅
quiz_302005_sibling_4,article_101001,5e5f46d7910b,"Aladdin and the Wonderful Lamp, Part I","Based on paragraph 3, what does the phrase 'the ground lo...",100%,✅,11/11,,migrated_20251219,✅,✅,✅,✅,✅,✅,✅,✅,✅,✅,✅
quiz_302006,article_101001,f753be099ee5,"Aladdin and the Wonderful Lamp, Part I",What causes the magician to trap Aladdin in the cave?,91%,✅,10/11,grammatical_parallel,migrated_20251219,❌,✅,✅,✅,✅,✅,✅,✅,✅,✅,✅
quiz_302006_sibling_1,article_101001,10e5e17aaa50,"Aladdin and the Wonderful Lamp, Part I",What shows that the magician's real goal is to get the la...,100%,✅,11/11,,migrated_20251219,✅,✅,✅,✅,✅,✅,✅,✅,✅,✅,✅
quiz_302006_sibling_2,article_101001,a072504d7668,"Aladdin and the Wonderful Lamp, Part I",How do the magician's actions in the beginning of the sto...,82%,✅,9/11,"plausibility, length_check",migrated_20251219,✅,❌,✅,✅,✅,✅,✅,✅,❌,✅,✅
quiz_302006_sibling_3,article_101001,4ec2311456b1,"Aladdin and the Wonderful Lamp, Part I","Based on the story, why does the magician choose Aladdin...",100%,✅,11/11,,migrated_20251219,✅,✅,✅,✅,✅,✅,✅,✅,✅,✅,✅
quiz_302006_sibling_4,article_101001,9b033997dbc2,"Aladdin and the Wonderful Lamp, Part I",What evidence from the story shows that the magician neve...,82%,✅,9/11,"length_check, difficulty_assessment",migrated_20251219,✅,✅,✅,✅,✅,✅,✅,✅,❌,✅,❌
quiz_302007,article_101001,eb8c927f5388,"Aladdin and the Wonderful Lamp, Part I",What is the central message or lesson of this story about...,100%,✅,11/11,,migrated_20251219,✅,✅,✅,✅,✅,✅,✅,✅,✅,✅,✅
quiz_302007_sibling_1,article_101001,92e27552a521,"Aladdin and the Wonderful Lamp, Part I",What lesson does this story teach about accepting help fr...,100%,✅,11/11,,migrated_20251219,✅,✅,✅,✅,✅,✅,✅,✅,✅,✅,✅
quiz_302007_sibling_2,article_101001,cc2c24176dd4,"Aladdin and the Wonderful Lamp, Part I",Which detail from the story best supports the message abo...,91%,✅,10/11,length_check,migrated_20251219,✅,✅,✅,✅,✅,✅,✅,✅,❌,✅,✅
quiz_302007_sibling_3,article_101001,e1bee9578f4b,"Aladdin and the Wonderful Lamp, Part I",How does the author use the magician's actions throughout...,100%,✅,11/11,,migrated_20251219,✅,✅,✅,✅,✅,✅,✅,✅,✅,✅,✅
quiz_302007_sibling_4,article_101001,d442612318bd,"Aladdin and the Wonderful Lamp, Part I",What does this story teach about trusting strangers who m...,100%,✅,11/11,,20251220_013605,✅,✅,✅,✅,✅,✅,✅,✅,✅,✅,✅
quiz_302008,article_101001,3004333b6e32,"Aladdin and the Wonderful Lamp, Part I",Why does the magician pretend to be Aladdin’s uncle?,91%,✅,10/11,grammatical_parallel,migrated_20251219,❌,✅,✅,✅,✅,✅,✅,✅,✅,✅,✅
quiz_302008_sibling_1,article_101001,25eeb0009d74,"Aladdin and the Wonderful Lamp, Part I",Why does the author include the detail that the magician...,82%,✅,9/11,"length_check, difficulty_assessment",migrated_20251219,✅,✅,✅,✅,✅,✅,✅,✅,❌,✅,❌
quiz_302008_sibling_2,article_101001,670869ba255e,"Aladdin and the Wonderful Lamp, Part I",What is the magician's real reason for pretending to be p...,100%,✅,11/11,,migrated_20251219,✅,✅,✅,✅,✅,✅,✅,✅,✅,✅,✅
quiz_302008_sibling_3,article_101001,c6de1b789e30,"Aladdin and the Wonderful Lamp, Part I",How does the magician's behavior at the end of the story...,100%,✅,11/11,,migrated_20251219,✅,✅,✅,✅,✅,✅,✅,✅,✅,✅,✅
quiz_302008_sibling_4,article_101001,9df076ecf270,"Aladdin and the Wonderful Lamp, Part I","Based on evidence throughout the story, what was the magi...",91%,✅,10/11,length_check,migrated_20251219,✅,✅,✅,✅,✅,✅,✅,✅,❌,✅,✅
quiz_302013,article_101002,a0e7b946608c,"Aladdin and the Wonderful Lamp, Part II",How does Aladdin most likely feel when he sees the forty...,91%,✅,10/11,plausibility,migrated_20251219,✅,❌,✅,✅,✅,✅,✅,✅,✅,✅,✅
quiz_302013_sibling_1,article_101002,52e07ec26b4f,"Aladdin and the Wonderful Lamp, Part II","Based on the story, what does Aladdin do when his mother...",100%,✅,11/11,,migrated_20251219,✅,✅,✅,✅,✅,✅,✅,✅,✅,✅,✅
quiz_302013_sibling_2,article_101002,34a433fc4505,"Aladdin and the Wonderful Lamp, Part II",How does the Sultan's attitude change after seeing the gems?,91%,✅,10/11,length_check,migrated_20251219,✅,✅,✅,✅,✅,✅,✅,✅,❌,✅,✅
quiz_302013_sibling_3,article_101002,3168251a4b88,"Aladdin and the Wonderful Lamp, Part II",How does Aladdin's mother react when she first sees the g...,100%,✅,11/11,,20251220_013656,✅,✅,✅,✅,✅,✅,✅,✅,✅,✅,✅
quiz_302013_sibling_4,article_101002,236cfd3f24c9,"Aladdin and the Wonderful Lamp, Part II",Why does Aladdin's mother change from laughing at his ide...,82%,✅,9/11,"plausibility, difficulty_assessment",20251220_013656,✅,❌,✅,✅,✅,✅,✅,✅,✅,✅,❌
quiz_302014,article_101002,446febf5ca05,"Aladdin and the Wonderful Lamp, Part II",What helps Aladdin the most in this story?,91%,✅,10/11,standard_alignment,migrated_20251219,✅,✅,✅,✅,❌,✅,✅,✅,✅,✅,✅
quiz_302014_sibling_1,article_101002,43d8cfa7c2fb,"Aladdin and the Wonderful Lamp, Part II",What lesson does the story teach about being resourceful?,100%,✅,11/11,,migrated_20251219,✅,✅,✅,✅,✅,✅,✅,✅,✅,✅,✅
quiz_302014_sibling_2,article_101002,20fe84646b9b,"Aladdin and the Wonderful Lamp, Part II","Based on the story, what central message is shown through...",100%,✅,11/11,,migrated_20251219,✅,✅,✅,✅,✅,✅,✅,✅,✅,✅,✅
quiz_302014_sibling_3,article_101002,58b1b9ddbd03,"Aladdin and the Wonderful Lamp, Part II",What is the central message of this story about Aladdin?,91%,✅,10/11,length_check,20251220_013656,✅,✅,✅,✅,✅,✅,✅,✅,❌,✅,✅
quiz_302014_sibling_4,article_101002,2468385f0b13,"Aladdin and the Wonderful Lamp, Part II",What central message does the story teach about solving p...,100%,✅,11/11,,20251220_013656,✅,✅,✅,✅,✅,✅,✅,✅,✅,✅,✅
quiz_302015,article_101002,5c3112edb120,"Aladdin and the Wonderful Lamp, Part II",Why did the author write this story about Aladdin?,73%,❌,8/11,"plausibility, homogeneity, standard_alignment",migrated_20251219,✅,❌,❌,✅,❌,✅,✅,✅,✅,✅,✅
quiz_302015_sibling_1,article_101002,c8940cc2ce1c,"Aladdin and the Wonderful Lamp, Part II",Why did the author most likely include the scene where Al...,82%,✅,9/11,"plausibility, difficulty_assessment",migrated_20251219,✅,❌,✅,✅,✅,✅,✅,✅,✅,✅,❌
quiz_302015_sibling_2,article_101002,a33701c8a767,"Aladdin and the Wonderful Lamp, Part II",What point of view does the author want readers to have a...,91%,✅,10/11,length_check,migrated_20251219,✅,✅,✅,✅,✅,✅,✅,✅,❌,✅,✅
quiz_302015_sibling_3,article_101002,8136db8fcec6,"Aladdin and the Wonderful Lamp, Part II",Why does the author include the Sultan's reaction to the ...,91%,✅,10/11,standard_alignment,20251220_013656,✅,✅,✅,✅,❌,✅,✅,✅,✅,✅,✅
quiz_302015_sibling_4,article_101002,54d1a83a9906,"Aladdin and the Wonderful Lamp, Part II",How does the narrator show readers that the Sultan's opin...,91%,✅,10/11,plausibility,20251220_013656,✅,❌,✅,✅,✅,✅,✅,✅,✅,✅,✅
quiz_302016,article_101002,80661e3a4b37,"Aladdin and the Wonderful Lamp, Part II",Which best describes how each section of this story build...,82%,✅,9/11,"plausibility, length_check",migrated_20251219,✅,❌,✅,✅,✅,✅,✅,✅,❌,✅,✅
quiz_302016_sibling_1,article_101002,0711d2e9c470,"Aladdin and the Wonderful Lamp, Part II",How does the beginning section in the cave connect to the...,100%,✅,11/11,,migrated_20251219,✅,✅,✅,✅,✅,✅,✅,✅,✅,✅,✅
quiz_302016_sibling_2,article_101002,2aa6f903950d,"Aladdin and the Wonderful Lamp, Part II",What pattern does the author create by dividing the story...,100%,✅,11/11,,migrated_20251219,✅,✅,✅,✅,✅,✅,✅,✅,✅,✅,✅
quiz_302016_sibling_3,article_101002,55f94665513d,"Aladdin and the Wonderful Lamp, Part II",How does the section where Aladdin escapes the cave build...,100%,✅,11/11,,migrated_20251219,✅,✅,✅,✅,✅,✅,✅,✅,✅,✅,✅
quiz_302016_sibling_4,article_101002,3151b976e279,"Aladdin and the Wonderful Lamp, Part II",Which detail shows how the final section builds upon Alad...,82%,✅,9/11,"plausibility, difficulty_assessment",migrated_20251219,✅,❌,✅,✅,✅,✅,✅,✅,✅,✅,❌
quiz_302021,article_101003,c0d0a9be523a,"Aladdin and the Wonderful Lamp, Part III","Read the sentence.""The next morning, the Sultan woke up a...",91%,✅,10/11,plausibility,migrated_20251219,✅,❌,✅,✅,✅,✅,✅,✅,✅,✅,✅
quiz_302021_sibling_1,article_101003,f3bf55ff0264,"Aladdin and the Wonderful Lamp, Part III","Read the sentence from the passage.

""The magician hurrie...",91%,✅,10/11,plausibility,migrated_20251219,✅,❌,✅,✅,✅,✅,✅,✅,✅,✅,✅
quiz_302021_sibling_2,article_101003,8ad63fd4b3d4,"Aladdin and the Wonderful Lamp, Part III","What does it mean when the text says ""Poof! Suddenly Alad...",91%,✅,10/11,plausibility,migrated_20251219,✅,❌,✅,✅,✅,✅,✅,✅,✅,✅,✅
quiz_302021_sibling_3,article_101003,755deb4320c7,"Aladdin and the Wonderful Lamp, Part III","According to the story, what does the phrase ""I hear and...",91%,✅,10/11,length_check,migrated_20251219,✅,✅,✅,✅,✅,✅,✅,✅,❌,✅,✅
quiz_302021_sibling_4,article_101003,d24df57eb956,"Aladdin and the Wonderful Lamp, Part III","Based on the text, what does the word commanded mean when...",100%,✅,11/11,,migrated_20251219,✅,✅,✅,✅,✅,✅,✅,✅,✅,✅,✅
quiz_302022,article_101003,a28e2ec8d82a,"Aladdin and the Wonderful Lamp, Part III","In the story of Aladdin, why does the sorcerer disguise h...",82%,✅,9/11,"grammatical_parallel, length_check",migrated_20251219,❌,✅,✅,✅,✅,✅,✅,✅,❌,✅,✅
quiz_302022_sibling_1,article_101003,4ec9b672c2e5,"Aladdin and the Wonderful Lamp, Part III",Why does Aladdin hide when the princess invites the magic...,91%,✅,10/11,difficulty_assessment,migrated_20251219,✅,✅,✅,✅,✅,✅,✅,✅,✅,✅,❌
quiz_302022_sibling_2,article_101003,610f0bfaeed4,"Aladdin and the Wonderful Lamp, Part III",How do Aladdin and the princess work together to solve th...,91%,✅,10/11,difficulty_assessment,migrated_20251219,✅,✅,✅,✅,✅,✅,✅,✅,✅,✅,❌
quiz_302022_sibling_3,article_101003,0c6c8d6592bf,"Aladdin and the Wonderful Lamp, Part III","According to the passage, what action does the princess t...",100%,✅,11/11,,migrated_20251219,✅,✅,✅,✅,✅,✅,✅,✅,✅,✅,✅
quiz_302022_sibling_4,article_101003,9972c5e30553,"Aladdin and the Wonderful Lamp, Part III","What does the magician's plan to shout ""New lamps for old...",91%,✅,10/11,plausibility,migrated_20251219,✅,❌,✅,✅,✅,✅,✅,✅,✅,✅,✅
quiz_302023,article_101003,623ceab8b487,"Aladdin and the Wonderful Lamp, Part III",What is the central lesson or moral that this story teaches?,82%,✅,9/11,"grammatical_parallel, plausibility",migrated_20251219,❌,❌,✅,✅,✅,✅,✅,✅,✅,✅,✅
quiz_302023_sibling_1,article_101003,c292b7ad5273,"Aladdin and the Wonderful Lamp, Part III",What important lesson does the story teach through the pr...,91%,✅,10/11,grammatical_parallel,migrated_20251219,❌,✅,✅,✅,✅,✅,✅,✅,✅,✅,✅
quiz_302023_sibling_2,article_101003,071fe1cb71a6,"Aladdin and the Wonderful Lamp, Part III",How does trading the lamp affect the sequence of events i...,82%,✅,9/11,"plausibility, length_check",migrated_20251219,✅,❌,✅,✅,✅,✅,✅,✅,❌,✅,✅
quiz_302023_sibling_3,article_101003,a2ac2c368c9f,"Aladdin and the Wonderful Lamp, Part III","Based on the passage, why does Aladdin become ""very sad a...",82%,✅,9/11,"plausibility, length_check",migrated_20251219,✅,❌,✅,✅,✅,✅,✅,✅,❌,✅,✅
quiz_302023_sibling_4,article_101003,dbb2a9206015,"Aladdin and the Wonderful Lamp, Part III",What can you conclude about Aladdin's character based on...,82%,✅,9/11,"plausibility, difficulty_assessment",migrated_20251219,✅,❌,✅,✅,✅,✅,✅,✅,✅,✅,❌
quiz_302024,article_101003,b81314022a86,"Aladdin and the Wonderful Lamp, Part III",Why was it a mistake for the princess to trade the old la...,64%,❌,7/11,"plausibility, homogeneity, specificity_balance, length_check",migrated_20251219,✅,❌,❌,❌,✅,✅,✅,✅,❌,✅,✅
quiz_302024_sibling_1,article_101003,ae0e12b80c08,"Aladdin and the Wonderful Lamp, Part III",Why is it significant that Aladdin remembers his magic ri...,100%,✅,11/11,,migrated_20251219,✅,✅,✅,✅,✅,✅,✅,✅,✅,✅,✅
quiz_302024_sibling_2,article_101003,61576ec80588,"Aladdin and the Wonderful Lamp, Part III",What does the ending of the story suggest about what make...,91%,✅,10/11,difficulty_assessment,migrated_20251219,✅,✅,✅,✅,✅,✅,✅,✅,✅,✅,❌
quiz_302024_sibling_3,article_101003,72524b257a7e,"Aladdin and the Wonderful Lamp, Part III","According to the text, what is the main reason Aladdin's...",100%,✅,11/11,,migrated_20251219,✅,✅,✅,✅,✅,✅,✅,✅,✅,✅,✅
quiz_302024_sibling_4,article_101003,da0b7417033f,"Aladdin and the Wonderful Lamp, Part III",How does the author show that the mistake with the lamp h...,91%,✅,10/11,plausibility,migrated_20251219,✅,❌,✅,✅,✅,✅,✅,✅,✅,✅,✅
quiz_302037,article_101005,2e03cc57696d,"Alice’s Adventures in Wonderland, Part II",Alice and the White Rabbit both react in the same way whe...,91%,✅,10/11,single_correct_answer,migrated_20251219,✅,✅,✅,✅,✅,✅,❌,✅,✅,✅,✅
quiz_302037_sibling_1,article_101005,f1f8b92bc043,"Alice’s Adventures in Wonderland, Part II",What does Alice do after she realizes she cannot solve a...,82%,✅,9/11,"clarity_precision, single_correct_answer",migrated_20251219,✅,✅,✅,✅,✅,❌,❌,✅,✅,✅,✅
quiz_302037_sibling_2,article_101005,a39d46604e0b,"Alice’s Adventures in Wonderland, Part II","Based on the Caterpillar's reaction to Alice, what can re...",91%,✅,10/11,difficulty_assessment,migrated_20251219,✅,✅,✅,✅,✅,✅,✅,✅,✅,✅,❌
quiz_302037_sibling_3,article_101005,574ed3068356,"Alice’s Adventures in Wonderland, Part II",Which character trait does Alice show when she decides to...,100%,✅,11/11,,migrated_20251219,✅,✅,✅,✅,✅,✅,✅,✅,✅,✅,✅
quiz_302037_sibling_4,article_101005,2c0fe2690340,"Alice’s Adventures in Wonderland, Part II",How does Alice's reaction to her size problems change fro...,100%,✅,11/11,,20251220_013656,✅,✅,✅,✅,✅,✅,✅,✅,✅,✅,✅
quiz_302038,article_101005,7413f8ed2614,"Alice’s Adventures in Wonderland, Part II",How does Alice get back to her normal size at the end of...,91%,✅,10/11,standard_alignment,migrated_20251219,✅,✅,✅,✅,❌,✅,✅,✅,✅,✅,✅
quiz_302038_sibling_1,article_101005,35de0341b9f4,"Alice’s Adventures in Wonderland, Part II",What important detail does the author include in paragrap...,82%,✅,9/11,"standard_alignment, length_check",migrated_20251219,✅,✅,✅,✅,❌,✅,✅,✅,❌,✅,✅
quiz_302038_sibling_2,article_101005,b75b8949bde8,"Alice’s Adventures in Wonderland, Part II",What is the main message the author wants readers to unde...,100%,✅,11/11,,20251220_013656,✅,✅,✅,✅,✅,✅,✅,✅,✅,✅,✅
quiz_302038_sibling_3,article_101005,c83a667665cc,"Alice’s Adventures in Wonderland, Part II","According to the story, what lesson does Alice learn abou...",82%,✅,9/11,"standard_alignment, clarity_precision",migrated_20251219,✅,✅,✅,✅,❌,❌,✅,✅,✅,✅,✅
quiz_302038_sibling_4,article_101005,ce8f28c8658e,"Alice’s Adventures in Wonderland, Part II",What key detail in the last paragraph shows that Alice fi...,82%,✅,9/11,"standard_alignment, difficulty_assessment",migrated_20251219,✅,✅,✅,✅,❌,✅,✅,✅,✅,✅,❌
quiz_302039,article_101005,c783f354608f,"Alice’s Adventures in Wonderland, Part II",This story was most likely written to,82%,✅,9/11,"plausibility, standard_alignment",migrated_20251219,✅,❌,✅,✅,❌,✅,✅,✅,✅,✅,✅
quiz_302039_sibling_1,article_101005,f49e596adc7b,"Alice’s Adventures in Wonderland, Part II",How does Alice's point of view about her size changes dif...,82%,✅,9/11,"plausibility, difficulty_assessment",20251220_013656,✅,❌,✅,✅,✅,✅,✅,✅,✅,✅,❌
quiz_302039_sibling_2,article_101005,909e00985e44,"Alice’s Adventures in Wonderland, Part II",This passage differs from a realistic story because it,91%,✅,10/11,standard_alignment,migrated_20251219,✅,✅,✅,✅,❌,✅,✅,✅,✅,✅,✅
quiz_302039_sibling_3,article_101005,225648dbe50d,"Alice’s Adventures in Wonderland, Part II",What happens in paragraph 2 that changes how Alice sees h...,82%,✅,9/11,"standard_alignment, length_check",migrated_20251219,✅,✅,✅,✅,❌,✅,✅,✅,❌,✅,✅
quiz_302039_sibling_4,article_101005,1333f135474e,"Alice’s Adventures in Wonderland, Part II",How does paragraph 3 connect to the problems Alice faced...,82%,✅,9/11,"plausibility, standard_alignment",migrated_20251219,✅,❌,✅,✅,❌,✅,✅,✅,✅,✅,✅
quiz_302040,article_101005,f0f000cdf95c,"Alice’s Adventures in Wonderland, Part II",How does each section of the story build on Alice's probl...,82%,✅,9/11,"length_check, difficulty_assessment",migrated_20251219,✅,✅,✅,✅,✅,✅,✅,✅,❌,✅,❌
quiz_302040_sibling_1,article_101005,8655e509809e,"Alice’s Adventures in Wonderland, Part II",The author organizes the story sections to show that Alic...,91%,✅,10/11,plausibility,migrated_20251219,✅,❌,✅,✅,✅,✅,✅,✅,✅,✅,✅
quiz_302040_sibling_2,article_101005,c56b8be9acdc,"Alice’s Adventures in Wonderland, Part II","Based on how the author organizes paragraphs 1-3, what pa...",100%,✅,11/11,,migrated_20251219,✅,✅,✅,✅,✅,✅,✅,✅,✅,✅,✅
quiz_302040_sibling_3,article_101005,824f42082dc0,"Alice’s Adventures in Wonderland, Part II","Throughout the story, what pattern does Alice experience...",100%,✅,11/11,,migrated_20251219,✅,✅,✅,✅,✅,✅,✅,✅,✅,✅,✅
quiz_302040_sibling_4,article_101005,8f1becfa7901,"Alice’s Adventures in Wonderland, Part II","In paragraph 1, Alice experiences a problem that happens...",91%,✅,10/11,length_check,migrated_20251219,✅,✅,✅,✅,✅,✅,✅,✅,❌,✅,✅
quiz_302041,article_101005,1e9bce6b43c8,"Alice’s Adventures in Wonderland, Part II","In the story, which problem happens to Alice more than once?",73%,❌,8/11,"plausibility, standard_alignment, length_check",migrated_20251219,✅,❌,✅,✅,❌,✅,✅,✅,❌,✅,✅
quiz_302041_sibling_1,article_101005,5370a1d325d1,"Alice’s Adventures in Wonderland, Part II",What happens multiple times in the story that shows Alice...,82%,✅,9/11,"standard_alignment, length_check",migrated_20251219,✅,✅,✅,✅,❌,✅,✅,✅,❌,✅,✅
quiz_302041_sibling_2,article_101005,54f490a3acde,"Alice’s Adventures in Wonderland, Part II",How does the author structure the first three paragraphs ...,100%,✅,11/11,,20251220_013656,✅,✅,✅,✅,✅,✅,✅,✅,✅,✅,✅
quiz_302041_sibling_3,article_101005,382e3f198b98,"Alice’s Adventures in Wonderland, Part II","Based on paragraphs 1-3, which event keeps creating new p...",91%,✅,10/11,standard_alignment,migrated_20251219,✅,✅,✅,✅,❌,✅,✅,✅,✅,✅,✅
quiz_302041_sibling_4,article_101005,848f3f2365a3,"Alice’s Adventures in Wonderland, Part II",How does the author structure the story to show that Alic...,91%,✅,10/11,difficulty_assessment,20251220_013656,✅,✅,✅,✅,✅,✅,✅,✅,✅,✅,❌
quiz_302029,article_101004,42e839a3b9f8,"Alice’s Adventures in Wonderland, Part I",What causes Alice to follow the White Rabbit down the hole?,100%,✅,11/11,,20251219_201106,✅,✅,✅,✅,✅,✅,✅,✅,✅,✅,✅
quiz_302029_sibling_1,article_101004,7dc8e0617737,"Alice’s Adventures in Wonderland, Part I",How does Alice's feeling about falling change by the time...,100%,✅,11/11,,20251219_201106,✅,✅,✅,✅,✅,✅,✅,✅,✅,✅,✅
quiz_302029_sibling_2,article_101004,697effb5da27,"Alice’s Adventures in Wonderland, Part I","Based on the passage, what shows that Alice makes decisio...",82%,✅,9/11,"single_correct_answer, difficulty_assessment",20251219_201106,✅,✅,✅,✅,✅,✅,❌,✅,✅,✅,❌
quiz_302029_sibling_3,article_101004,abd21fe7541d,"Alice’s Adventures in Wonderland, Part I",Which detail from the beginning of the story explains why...,91%,✅,10/11,too_close,20251219_201106,✅,✅,✅,✅,✅,✅,✅,✅,✅,❌,✅
quiz_302029_sibling_4,article_101004,4752a226f3b6,"Alice’s Adventures in Wonderland, Part I","According to the passage, what action does Alice take imm...",91%,✅,10/11,length_check,20251219_201106,✅,✅,✅,✅,✅,✅,✅,✅,❌,✅,✅
quiz_302030,article_101004,f682480cc064,"Alice’s Adventures in Wonderland, Part I",What is the central message of this story about Alice's a...,82%,✅,9/11,"single_correct_answer, length_check",20251219_201106,✅,✅,✅,✅,✅,✅,❌,✅,❌,✅,✅
quiz_302030_sibling_1,article_101004,08bfee640e2c,"Alice’s Adventures in Wonderland, Part I",What lesson can readers learn from Alice's experience in...,82%,✅,9/11,"plausibility, length_check",20251219_201106,✅,❌,✅,✅,✅,✅,✅,✅,❌,✅,✅
quiz_302030_sibling_2,article_101004,0a79729d8a92,"Alice’s Adventures in Wonderland, Part I",How does the author show that Alice's adventure becomes m...,91%,✅,10/11,standard_alignment,20251219_201106,✅,✅,✅,✅,❌,✅,✅,✅,✅,✅,✅
quiz_302030_sibling_3,article_101004,c17446e4d42b,"Alice’s Adventures in Wonderland, Part I","Based on details in the story, what message does the auth...",82%,✅,9/11,"plausibility, difficulty_assessment",20251219_201106,✅,❌,✅,✅,✅,✅,✅,✅,✅,✅,❌
quiz_302030_sibling_4,article_101004,33e2a623a9b4,"Alice’s Adventures in Wonderland, Part I",What central idea about childhood does this story communi...,91%,✅,10/11,plausibility,20251219_201106,✅,❌,✅,✅,✅,✅,✅,✅,✅,✅,✅
quiz_302031,article_101004,15e3408cf98f,"Alice’s Adventures in Wonderland, Part I",Read this outline and complete the missing part.I. Alice'...,100%,✅,11/11,,20251219_201106,✅,✅,✅,✅,✅,✅,✅,✅,✅,✅,✅
quiz_302031_sibling_1,article_101004,2dcc9450bdb3,"Alice’s Adventures in Wonderland, Part I",How does the section about Alice falling down the well bu...,91%,✅,10/11,grammatical_parallel,20251219_201106,❌,✅,✅,✅,✅,✅,✅,✅,✅,✅,✅
quiz_302031_sibling_2,article_101004,bf9f5eb1619f,"Alice’s Adventures in Wonderland, Part I",Which pair of events from the story shows how one part le...,82%,✅,9/11,"plausibility, length_check",20251219_201106,✅,❌,✅,✅,✅,✅,✅,✅,❌,✅,✅
quiz_302031_sibling_3,article_101004,181f46a7ada4,"Alice’s Adventures in Wonderland, Part I",Read this summary of the story's main events. Which event...,82%,✅,9/11,"length_check, difficulty_assessment",20251219_201106,✅,✅,✅,✅,✅,✅,✅,✅,❌,✅,❌
quiz_302031_sibling_4,article_101004,9fca47ac0e7d,"Alice’s Adventures in Wonderland, Part I",Which part of the story comes right after Alice lands in ...,91%,✅,10/11,difficulty_assessment,20251220_013656,✅,✅,✅,✅,✅,✅,✅,✅,✅,✅,❌
quiz_302032,article_101004,753d48e2d30a,"Alice’s Adventures in Wonderland, Part I",Why did the author write this story about Alice?,73%,❌,8/11,"plausibility, standard_alignment, length_check",20251219_201106,✅,❌,✅,✅,❌,✅,✅,✅,❌,✅,✅
quiz_302032_sibling_1,article_101004,8f3799a4a2d1,"Alice’s Adventures in Wonderland, Part I",Who is telling Alice's story to the readers?,91%,✅,10/11,difficulty_assessment,20251219_201106,✅,✅,✅,✅,✅,✅,✅,✅,✅,✅,❌
quiz_302032_sibling_2,article_101004,220f35b3767c,"Alice’s Adventures in Wonderland, Part I",What is the author's main purpose in including Alice's th...,91%,✅,10/11,difficulty_assessment,20251219_201106,✅,✅,✅,✅,✅,✅,✅,✅,✅,✅,❌
quiz_302032_sibling_3,article_101004,9ca5ccb2dbc2,"Alice’s Adventures in Wonderland, Part I",How does the author want readers to feel about Alice's de...,82%,✅,9/11,"length_check, difficulty_assessment",20251219_201106,✅,✅,✅,✅,✅,✅,✅,✅,❌,✅,❌
quiz_302032_sibling_4,article_101004,8a2de70b86c2,"Alice’s Adventures in Wonderland, Part I",How does the narrator tell this story differently than Al...,100%,✅,11/11,,20251220_013656,✅,✅,✅,✅,✅,✅,✅,✅,✅,✅,✅
quiz_302046,article_101006,0a3abe00677e,"Alice’s Adventures in Wonderland, Part III",What does Alice do first when she arrives at the tea party?,82%,✅,9/11,"plausibility, length_check",20251220_002738,✅,❌,✅,✅,✅,✅,✅,✅,❌,✅,✅
quiz_302046_sibling_1,article_101006,5cef1d6464c9,"Alice’s Adventures in Wonderland, Part III","Based on the text, which action shows Alice's frustration...",82%,✅,9/11,"single_correct_answer, too_close",20251220_002738,✅,✅,✅,✅,✅,✅,❌,✅,✅,❌,✅
quiz_302046_sibling_2,article_101006,63e3a062fb72,"Alice’s Adventures in Wonderland, Part III",How does the Cheshire Cat's action of disappearing affect...,82%,✅,9/11,"plausibility, difficulty_assessment",20251220_013656,✅,❌,✅,✅,✅,✅,✅,✅,✅,✅,❌
quiz_302046_sibling_3,article_101006,fa2671a3cca7,"Alice’s Adventures in Wonderland, Part III",What does Alice do after the Cheshire Cat tells her every...,91%,✅,10/11,length_check,20251220_002738,✅,✅,✅,✅,✅,✅,✅,✅,❌,✅,✅
quiz_302046_sibling_4,article_101006,ceb993becd11,"Alice’s Adventures in Wonderland, Part III",How does Alice's response to the March Hare's offer of le...,91%,✅,10/11,difficulty_assessment,20251220_013656,✅,✅,✅,✅,✅,✅,✅,✅,✅,✅,❌
quiz_302047,article_101006,54e2abddf897,"Alice’s Adventures in Wonderland, Part III","What does the March Hare offer Alice, even though there i...",82%,✅,9/11,"standard_alignment, length_check",20251220_002738,✅,✅,✅,✅,❌,✅,✅,✅,❌,✅,✅
quiz_302047_sibling_1,article_101006,12fa5b49ecd1,"Alice’s Adventures in Wonderland, Part III",What lesson does the story teach about dealing with confu...,64%,❌,7/11,"standard_alignment, clarity_precision, single_correct_answer, difficulty_assessment",20251220_013656,✅,✅,✅,✅,❌,❌,❌,✅,✅,✅,❌
quiz_302047_sibling_2,article_101006,c483db6d5b0e,"Alice’s Adventures in Wonderland, Part III",What message does the story convey through the Mad Hatter...,91%,✅,10/11,difficulty_assessment,20251220_002738,✅,✅,✅,✅,✅,✅,✅,✅,✅,✅,❌
quiz_302047_sibling_3,article_101006,9e077c068128,"Alice’s Adventures in Wonderland, Part III","Based on the entire passage, what central idea does the a...",100%,✅,11/11,,20251220_002738,✅,✅,✅,✅,✅,✅,✅,✅,✅,✅,✅
quiz_302047_sibling_4,article_101006,ce2878b10cfc,"Alice’s Adventures in Wonderland, Part III",What main message does the author share through Alice's c...,100%,✅,11/11,,20251220_013656,✅,✅,✅,✅,✅,✅,✅,✅,✅,✅,✅
quiz_302048,article_101006,52faf27ff841,"Alice’s Adventures in Wonderland, Part III",Read this outline about Alice's journey. I. Characters Al...,91%,✅,10/11,standard_alignment,20251220_002738,✅,✅,✅,✅,❌,✅,✅,✅,✅,✅,✅
quiz_302048_sibling_1,article_101006,ad6989e6c623,"Alice’s Adventures in Wonderland, Part III",Which text details best help readers understand that the ...,91%,✅,10/11,standard_alignment,20251220_013656,✅,✅,✅,✅,❌,✅,✅,✅,✅,✅,✅
quiz_302048_sibling_2,article_101006,e5e1f17b8160,"Alice’s Adventures in Wonderland, Part III",Look at this timeline of events:  1. Alice talks to Chesh...,82%,✅,9/11,"plausibility, standard_alignment",20251220_002738,✅,❌,✅,✅,❌,✅,✅,✅,✅,✅,✅
quiz_302048_sibling_3,article_101006,622c8525177e,"Alice’s Adventures in Wonderland, Part III","Look at this chart about Alice's conversations:

Conversa...",55%,❌,6/11,"plausibility, standard_alignment, clarity_precision, single_correct_answer, length_check",20251220_013656,✅,❌,✅,✅,❌,❌,❌,✅,❌,✅,✅
quiz_302048_sibling_4,article_101006,c436459f3a88,"Alice’s Adventures in Wonderland, Part III","Look at this simple chart about Alice's journey:

Alice's...",82%,✅,9/11,"standard_alignment, single_correct_answer",20251220_013656,✅,✅,✅,✅,❌,✅,❌,✅,✅,✅,✅
quiz_302049,article_101006,d74d3b7063ff,"Alice’s Adventures in Wonderland, Part III",What is one way the author shows that Wonderland is a str...,82%,✅,9/11,"plausibility, standard_alignment",20251220_002738,✅,❌,✅,✅,❌,✅,✅,✅,✅,✅,✅
quiz_302049_sibling_1,article_101006,187dfe387f96,"Alice’s Adventures in Wonderland, Part III",How does the author organize the story to show Alice meet...,55%,❌,6/11,"grammatical_parallel, plausibility, homogeneity, specificity_balance, length_check",20251220_013656,❌,❌,❌,❌,✅,✅,✅,✅,❌,✅,✅
quiz_302049_sibling_2,article_101006,5e2e76981533,"Alice’s Adventures in Wonderland, Part III",What does the author emphasize about Wonderland by descri...,82%,✅,9/11,"standard_alignment, difficulty_assessment",20251220_002738,✅,✅,✅,✅,❌,✅,✅,✅,✅,✅,❌
quiz_302049_sibling_3,article_101006,d5360ec9925b,"Alice’s Adventures in Wonderland, Part III",Which sentence from the passage shows the beginning of th...,82%,✅,9/11,"standard_alignment, length_check",20251220_013656,✅,✅,✅,✅,❌,✅,✅,✅,❌,✅,✅
quiz_302049_sibling_4,article_101006,e2406c77a39f,"Alice’s Adventures in Wonderland, Part III","In paragraph 1, which part of the conversation with the C...",82%,✅,9/11,"standard_alignment, difficulty_assessment",20251220_002738,✅,✅,✅,✅,❌,✅,✅,✅,✅,✅,❌
quiz_302054,article_101007,fc96a0a2a4f2,"Alice’s Adventures in Wonderland, Part IV",How does Alice most likely feel when the Queen screams 'O...,91%,✅,10/11,difficulty_assessment,20251220_002738,✅,✅,✅,✅,✅,✅,✅,✅,✅,✅,❌
quiz_302054_sibling_1,article_101007,5a53a68ea877,"Alice’s Adventures in Wonderland, Part IV",What does the Queen's action of shouting 'Off with his he...,82%,✅,9/11,"plausibility, difficulty_assessment",20251220_002738,✅,❌,✅,✅,✅,✅,✅,✅,✅,✅,❌
quiz_302054_sibling_2,article_101007,64d2a5762f87,"Alice’s Adventures in Wonderland, Part IV",How does Alice's flamingo mallet make it difficult for he...,100%,✅,11/11,,20251220_002738,✅,✅,✅,✅,✅,✅,✅,✅,✅,✅,✅
quiz_302054_sibling_3,article_101007,83d67b4f0413,"Alice’s Adventures in Wonderland, Part IV","Based on the croquet game description, what character tra...",100%,✅,11/11,,20251220_002738,✅,✅,✅,✅,✅,✅,✅,✅,✅,✅,✅
quiz_302054_sibling_4,article_101007,598f66168f0c,"Alice’s Adventures in Wonderland, Part IV",What do the Gryphon and Mock Turtle's actions of telling...,82%,✅,9/11,"plausibility, difficulty_assessment",20251220_002738,✅,❌,✅,✅,✅,✅,✅,✅,✅,✅,❌
quiz_302055,article_101007,14d557ec0a45,"Alice’s Adventures in Wonderland, Part IV",What does Alice say during the trial when the Queen wants...,91%,✅,10/11,standard_alignment,20251220_002738,✅,✅,✅,✅,❌,✅,✅,✅,✅,✅,✅
quiz_302055_sibling_1,article_101007,af8bdf541699,"Alice’s Adventures in Wonderland, Part IV",What central message does the author convey through Alice...,82%,✅,9/11,"difficulty_assessment, length_check",20251220_013656,✅,✅,✅,✅,✅,✅,✅,✅,❌,✅,❌
quiz_302055_sibling_2,article_101007,da16b0d269af,"Alice’s Adventures in Wonderland, Part IV",What message does the story convey through Alice's conver...,91%,✅,10/11,difficulty_assessment,20251220_002738,✅,✅,✅,✅,✅,✅,✅,✅,✅,✅,❌
quiz_302055_sibling_3,article_101007,5aa0303c65f8,"Alice’s Adventures in Wonderland, Part IV",What is the main lesson Alice learns throughout her adven...,82%,✅,9/11,"difficulty_assessment, length_check",20251220_013656,✅,✅,✅,✅,✅,✅,✅,✅,❌,✅,❌
quiz_302055_sibling_4,article_101007,215969e4760b,"Alice’s Adventures in Wonderland, Part IV","Based on the ending, what central message does Alice's si...",91%,✅,10/11,difficulty_assessment,20251220_002738,✅,✅,✅,✅,✅,✅,✅,✅,✅,✅,❌
quiz_302056,article_101007,8a96d4ced914,"Alice’s Adventures in Wonderland, Part IV",Why did the author write this story about Alice in Wonder...,73%,❌,8/11,"plausibility, specificity_balance, length_check",20251220_002738,✅,❌,✅,❌,✅,✅,✅,✅,❌,✅,✅
quiz_302056_sibling_1,article_101007,71048a56e24f,"Alice’s Adventures in Wonderland, Part IV","According to the story, what phrase does Alice use to cha...",82%,✅,9/11,"standard_alignment, difficulty_assessment",20251220_002738,✅,✅,✅,✅,❌,✅,✅,✅,✅,✅,❌
quiz_302056_sibling_2,article_101007,9a1b7b97286f,"Alice’s Adventures in Wonderland, Part IV",What detail from the passage shows how the trial demonstr...,82%,✅,9/11,"standard_alignment, difficulty_assessment",20251220_002738,✅,✅,✅,✅,❌,✅,✅,✅,✅,✅,❌
quiz_302056_sibling_3,article_101007,31487d038696,"Alice’s Adventures in Wonderland, Part IV",From whose point of view is this story told?,82%,✅,9/11,"difficulty_assessment, length_check",20251220_013656,✅,✅,✅,✅,✅,✅,✅,✅,❌,✅,❌
quiz_302056_sibling_4,article_101007,72417ae8c4de,"Alice’s Adventures in Wonderland, Part IV",What do the details about the witnesses not helping and t...,82%,✅,9/11,"standard_alignment, difficulty_assessment",20251220_002738,✅,✅,✅,✅,❌,✅,✅,✅,✅,✅,❌
quiz_302057,article_101007,a0ff14f86b9d,"Alice’s Adventures in Wonderland, Part IV","Which choice best describes how the sections, in order, d...",91%,✅,10/11,plausibility,20251220_002738,✅,❌,✅,✅,✅,✅,✅,✅,✅,✅,✅
quiz_302057_sibling_1,article_101007,eb679f54eb82,"Alice’s Adventures in Wonderland, Part IV",Why does the author most likely describe Alice as being '...,91%,✅,10/11,standard_alignment,20251220_002738,✅,✅,✅,✅,❌,✅,✅,✅,✅,✅,✅
quiz_302057_sibling_2,article_101007,65c6854bc417,"Alice’s Adventures in Wonderland, Part IV",How does the author organize the events to show Alice's e...,100%,✅,11/11,,20251220_013656,✅,✅,✅,✅,✅,✅,✅,✅,✅,✅,✅
quiz_302057_sibling_3,article_101007,b6e887cf0645,"Alice’s Adventures in Wonderland, Part IV",How does the author's description of the trial as 'a comp...,82%,✅,9/11,"standard_alignment, difficulty_assessment",20251220_002738,✅,✅,✅,✅,❌,✅,✅,✅,✅,✅,❌
quiz_302057_sibling_4,article_101007,ae31bde96f9c,"Alice’s Adventures in Wonderland, Part IV",How does the author organize the passage to show Alice's ...,82%,✅,9/11,"plausibility, difficulty_assessment",20251220_013656,✅,❌,✅,✅,✅,✅,✅,✅,✅,✅,❌
quiz_302058,article_101007,cf486174424a,"Alice’s Adventures in Wonderland, Part IV",What does the ending tell us about Alice’s adventures in...,91%,✅,10/11,standard_alignment,20251220_002738,✅,✅,✅,✅,❌,✅,✅,✅,✅,✅,✅
quiz_302058_sibling_1,article_101007,a9c88faca4d1,"Alice’s Adventures in Wonderland, Part IV",How do the four parts of this story work together to show...,91%,✅,10/11,single_correct_answer,20251220_013656,✅,✅,✅,✅,✅,✅,❌,✅,✅,✅,✅
quiz_302058_sibling_2,article_101007,82b6c4d2a519,"Alice’s Adventures in Wonderland, Part IV",What is the purpose of the second section that describes...,100%,✅,11/11,,20251220_002738,✅,✅,✅,✅,✅,✅,✅,✅,✅,✅,✅
quiz_302058_sibling_3,article_101007,5db8e0fc06ff,"Alice’s Adventures in Wonderland, Part IV",How does the third section build on the earlier croquet g...,91%,✅,10/11,length_check,20251220_002738,✅,✅,✅,✅,✅,✅,✅,✅,❌,✅,✅
quiz_302058_sibling_4,article_101007,2d01fbec0749,"Alice’s Adventures in Wonderland, Part IV",What role does the final section play in completing the s...,82%,✅,9/11,"length_check, difficulty_assessment",20251220_002738,✅,✅,✅,✅,✅,✅,✅,✅,❌,✅,❌
quiz_302062,article_101008,7c127d15a719,"The Open Road, Part I",Which body of water is the main setting of the story?,91%,✅,10/11,plausibility,20251220_002738,✅,❌,✅,✅,✅,✅,✅,✅,✅,✅,✅
quiz_302062_sibling_1,article_101008,cf6d83cfcdbf,"The Open Road, Part I",What does the description of Toad's stables and banquet h...,91%,✅,10/11,plausibility,20251220_002738,✅,❌,✅,✅,✅,✅,✅,✅,✅,✅,✅
quiz_302062_sibling_2,article_101008,96649fd38e29,"The Open Road, Part I","Based on the passage, which statement about Rat's knowled...",100%,✅,11/11,,20251220_002738,✅,✅,✅,✅,✅,✅,✅,✅,✅,✅,✅
quiz_302062_sibling_3,article_101008,6580bf15e1ca,"The Open Road, Part I",How does Mole show his feelings when Rat describes Toad?,100%,✅,11/11,,20251220_002738,✅,✅,✅,✅,✅,✅,✅,✅,✅,✅,✅
quiz_302062_sibling_4,article_101008,d2956324bfef,"The Open Road, Part I","According to the passage, what does Rat notice about all ...",91%,✅,10/11,length_check,20251220_013656,✅,✅,✅,✅,✅,✅,✅,✅,❌,✅,✅
quiz_302063,article_101008,51fc3ff11ac8,"The Open Road, Part I","Based on his words and actions in the story, Toad most li...",100%,✅,11/11,,20251220_002738,✅,✅,✅,✅,✅,✅,✅,✅,✅,✅,✅
quiz_302063_sibling_1,article_101008,895924955db0,"The Open Road, Part I",What evidence from the story shows that Toad values his o...,91%,✅,10/11,length_check,20251220_002738,✅,✅,✅,✅,✅,✅,✅,✅,❌,✅,✅
quiz_302063_sibling_2,article_101008,b790ac6b529c,"The Open Road, Part I",Rat's statement that Toad is 'always happy to see you' an...,91%,✅,10/11,plausibility,20251220_002738,✅,❌,✅,✅,✅,✅,✅,✅,✅,✅,✅
quiz_302063_sibling_3,article_101008,9949cd4ecf19,"The Open Road, Part I","Based on the description of how Toad greets his visitors,...",100%,✅,11/11,,20251220_002738,✅,✅,✅,✅,✅,✅,✅,✅,✅,✅,✅
quiz_302063_sibling_4,article_101008,bbf17fffdcb6,"The Open Road, Part I",How does Toad's response to Mole's compliment reveal his...,100%,✅,11/11,,20251220_002738,✅,✅,✅,✅,✅,✅,✅,✅,✅,✅,✅
quiz_302064,article_101008,2672090ccf13,"The Open Road, Part I","Read the sentence from the passage. ""Maybe he's not very...",100%,✅,11/11,,20251220_002738,✅,✅,✅,✅,✅,✅,✅,✅,✅,✅,✅
quiz_302064_sibling_1,article_101008,d544cc743e52,"The Open Road, Part I",Read this sentence from the passage: 'Maybe he's not very...,82%,✅,9/11,"plausibility, standard_alignment",20251220_002738,✅,❌,✅,✅,❌,✅,✅,✅,✅,✅,✅
quiz_302064_sibling_2,article_101008,8f76a2c24e53,"The Open Road, Part I",What central message about relationships does the story e...,91%,✅,10/11,length_check,20251220_002738,✅,✅,✅,✅,✅,✅,✅,✅,❌,✅,✅
quiz_302064_sibling_3,article_101008,bea16cdf319b,"The Open Road, Part I",What is the main lesson about friendship shown throughout...,100%,✅,11/11,,20251220_013656,✅,✅,✅,✅,✅,✅,✅,✅,✅,✅,✅
quiz_302064_sibling_4,article_101008,a42142efbad4,"The Open Road, Part I",The passage states that Rat tells Mole 'we never tell Toa...,82%,✅,9/11,"standard_alignment, difficulty_assessment",20251220_002738,✅,✅,✅,✅,❌,✅,✅,✅,✅,✅,❌
quiz_302065,article_101008,6955f6d6dc58,"The Open Road, Part I",The author most likely included the description of the em...,91%,✅,10/11,length_check,20251220_002738,✅,✅,✅,✅,✅,✅,✅,✅,❌,✅,✅
quiz_302065_sibling_1,article_101008,59b0f1d7c2a1,"The Open Road, Part I",Why does the author include the detail that boats are 'hu...,91%,✅,10/11,difficulty_assessment,20251220_002738,✅,✅,✅,✅,✅,✅,✅,✅,✅,✅,❌
quiz_302065_sibling_2,article_101008,add91a8fd352,"The Open Road, Part I",How does the author use Rat's observation 'I see what's h...,82%,✅,9/11,"standard_alignment, length_check",20251220_002738,✅,✅,✅,✅,❌,✅,✅,✅,❌,✅,✅
quiz_302065_sibling_3,article_101008,c2788f05fb5f,"The Open Road, Part I",What does the description of the boathouse as being 'in s...,91%,✅,10/11,difficulty_assessment,20251220_002738,✅,✅,✅,✅,✅,✅,✅,✅,✅,✅,❌
quiz_302065_sibling_4,article_101008,1d879f741247,"The Open Road, Part I",How does the contrast between the boathouse description a...,91%,✅,10/11,standard_alignment,20251220_002738,✅,✅,✅,✅,❌,✅,✅,✅,✅,✅,✅
quiz_302070,article_101009,0be71510e0fe,"The Open Road, Part II","In this story, the main problem is that the friends",91%,✅,10/11,plausibility,20251220_002738,✅,❌,✅,✅,✅,✅,✅,✅,✅,✅,✅
quiz_302070_sibling_1,article_101009,5cc641309e78,"The Open Road, Part II","According to the passage, what does Toad do when he first...",100%,✅,11/11,,20251220_002738,✅,✅,✅,✅,✅,✅,✅,✅,✅,✅,✅
quiz_302070_sibling_2,article_101009,2a4e04d4173e,"The Open Road, Part II",Why does Rat make an angry sound and put his hands in his...,91%,✅,10/11,plausibility,20251220_002738,✅,❌,✅,✅,✅,✅,✅,✅,✅,✅,✅
quiz_302070_sibling_3,article_101009,8aef091fb2a5,"The Open Road, Part II",What information from the passage shows that the friends...,100%,✅,11/11,,20251220_002738,✅,✅,✅,✅,✅,✅,✅,✅,✅,✅,✅
quiz_302070_sibling_4,article_101009,080cef379aac,"The Open Road, Part II","Based on the passage, how do the friends' plans change fr...",82%,✅,9/11,"length_check, difficulty_assessment",20251220_002738,✅,✅,✅,✅,✅,✅,✅,✅,❌,✅,❌
quiz_302071,article_101009,6f66f9f483cc,"The Open Road, Part II",Which word describes how Mole most likely feels about goi...,100%,✅,11/11,,20251220_002738,✅,✅,✅,✅,✅,✅,✅,✅,✅,✅,✅
quiz_302071_sibling_1,article_101009,0b77bc1dae17,"The Open Road, Part II",Which detail best shows that Toad is trying to convince h...,91%,✅,10/11,length_check,20251220_002738,✅,✅,✅,✅,✅,✅,✅,✅,❌,✅,✅
quiz_302071_sibling_2,article_101009,8e0a77a14eae,"The Open Road, Part II","What does Rat's response 'I'm not coming, and that's fina...",91%,✅,10/11,plausibility,20251220_002738,✅,❌,✅,✅,✅,✅,✅,✅,✅,✅,✅
quiz_302071_sibling_3,article_101009,53d65158daed,"The Open Road, Part II",What character trait does Toad show throughout the passage?,100%,✅,11/11,,20251220_013656,✅,✅,✅,✅,✅,✅,✅,✅,✅,✅,✅
quiz_302071_sibling_4,article_101009,233d04e4af21,"The Open Road, Part II","Based on the passage, what can you conclude about why Mol...",91%,✅,10/11,length_check,20251220_002738,✅,✅,✅,✅,✅,✅,✅,✅,❌,✅,✅
quiz_302072,article_101009,60f0f4829845,"The Open Road, Part II","Read the sentence from the passage: ""I feel sorry that yo...",91%,✅,10/11,standard_alignment,20251220_002738,✅,✅,✅,✅,❌,✅,✅,✅,✅,✅,✅
quiz_302072_sibling_1,article_101009,35f827c88030,"The Open Road, Part II",Read this sentence from the passage: 'I feel sorry that y...,91%,✅,10/11,standard_alignment,20251220_002738,✅,✅,✅,✅,❌,✅,✅,✅,✅,✅,✅
quiz_302072_sibling_2,article_101009,f34ddfc75b18,"The Open Road, Part II",What does Toad's statement 'The whole world is waiting fo...,82%,✅,9/11,"length_check, difficulty_assessment",20251220_002738,✅,✅,✅,✅,✅,✅,✅,✅,❌,✅,❌
quiz_302072_sibling_3,article_101009,5b889911a526,"The Open Road, Part II","According to the passage, Mole says 'Of course I'll stick...",82%,✅,9/11,"standard_alignment, difficulty_assessment",20251220_002738,✅,✅,✅,✅,❌,✅,✅,✅,✅,✅,❌
quiz_302072_sibling_4,article_101009,e52157a8038b,"The Open Road, Part II",What is the main message about friendship shown in this s...,100%,✅,11/11,,20251220_013656,✅,✅,✅,✅,✅,✅,✅,✅,✅,✅,✅
quiz_302073,article_101009,136167638bfb,"The Open Road, Part II",This question is connected to the next question you will...,100%,✅,11/11,,20251220_002738,✅,✅,✅,✅,✅,✅,✅,✅,✅,✅,✅
quiz_302073_sibling_1,article_101009,f23ee944e6d1,"The Open Road, Part II",How does the narrator show that each character has a diff...,82%,✅,9/11,"plausibility, length_check",20251220_013656,✅,❌,✅,✅,✅,✅,✅,✅,❌,✅,✅
quiz_302073_sibling_2,article_101009,a9d2c2f9b000,"The Open Road, Part II",How do Rat's actions toward Mole differ from Toad's actio...,91%,✅,10/11,length_check,20251220_002738,✅,✅,✅,✅,✅,✅,✅,✅,❌,✅,✅
quiz_302073_sibling_3,article_101009,15e7b28bb3f6,"The Open Road, Part II",The narrator says that Mole 'was loyal to his friend' but...,91%,✅,10/11,standard_alignment,20251220_002738,✅,✅,✅,✅,❌,✅,✅,✅,✅,✅,✅
quiz_302073_sibling_4,article_101009,f99624568cf8,"The Open Road, Part II","In this passage, the narrator tells us that 'Poor Mole! H...",100%,✅,11/11,,20251220_002738,✅,✅,✅,✅,✅,✅,✅,✅,✅,✅,✅
quiz_302074,article_101009,1ec9929c85d1,"The Open Road, Part II","PART B: Based on what each character says and does, what...",91%,✅,10/11,length_check,20251220_002738,✅,✅,✅,✅,✅,✅,✅,✅,❌,✅,✅
quiz_302074_sibling_1,article_101009,15370d19355f,"The Open Road, Part II",Part of the text says: 'Rat could see that Mole wanted to...,100%,✅,11/11,,20251220_002738,✅,✅,✅,✅,✅,✅,✅,✅,✅,✅,✅
quiz_302074_sibling_2,article_101009,20cd1b6fbac2,"The Open Road, Part II","At the beginning of the passage, Toad says boating is 'si...",91%,✅,10/11,difficulty_assessment,20251220_002738,✅,✅,✅,✅,✅,✅,✅,✅,✅,✅,❌
quiz_302074_sibling_3,article_101009,d889e3cc9de6,"The Open Road, Part II",The passage shows three friends discussing a trip. Based...,100%,✅,11/11,,20251220_002738,✅,✅,✅,✅,✅,✅,✅,✅,✅,✅,✅
quiz_302074_sibling_4,article_101009,ee3272fbbacc,"The Open Road, Part II","Throughout the passage, how does Toad's way of talking ab...",100%,✅,11/11,,20251220_002738,✅,✅,✅,✅,✅,✅,✅,✅,✅,✅,✅
quiz_302079,article_101010,c3df6bae1945,"The Open Road, Part III","After lunch, Toad convinced his friends to go on a trip by",91%,✅,10/11,length_check,20251220_002738,✅,✅,✅,✅,✅,✅,✅,✅,❌,✅,✅
quiz_302079_sibling_1,article_101010,ed87215e1281,"The Open Road, Part III","Based on the passage, why did Mole become so excited duri...",100%,✅,11/11,,20251220_002738,✅,✅,✅,✅,✅,✅,✅,✅,✅,✅,✅
quiz_302079_sibling_2,article_101010,8a28ee1ae57b,"The Open Road, Part III",What happened right after the friends loaded the wagon?,100%,✅,11/11,,20251220_002738,✅,✅,✅,✅,✅,✅,✅,✅,✅,✅,✅
quiz_302079_sibling_3,article_101010,9518ab5e3500,"The Open Road, Part III","According to the passage, how did other people on the roa...",91%,✅,10/11,length_check,20251220_002738,✅,✅,✅,✅,✅,✅,✅,✅,❌,✅,✅
quiz_302079_sibling_4,article_101010,5521778ccd1a,"The Open Road, Part III","According to the passage, what caused the friends' wagon ...",91%,✅,10/11,length_check,20251220_013656,✅,✅,✅,✅,✅,✅,✅,✅,❌,✅,✅
quiz_302080,article_101010,74a5ec647b6c,"The Open Road, Part III",The author most likely included the description of the mo...,100%,✅,11/11,,20251220_002738,✅,✅,✅,✅,✅,✅,✅,✅,✅,✅,✅
quiz_302080_sibling_1,article_101010,0c6e5cd8f228,"The Open Road, Part III",The author describes the motor car's shiny glass and leat...,100%,✅,11/11,,20251220_002738,✅,✅,✅,✅,✅,✅,✅,✅,✅,✅,✅
quiz_302080_sibling_2,article_101010,99e0bbe5bcbb,"The Open Road, Part III",The author includes details about the dust cloud and fain...,91%,✅,10/11,length_check,20251220_002738,✅,✅,✅,✅,✅,✅,✅,✅,❌,✅,✅
quiz_302080_sibling_3,article_101010,582c70d52ab1,"The Open Road, Part III","Based on the passage, why does the author mention that 'i...",91%,✅,10/11,difficulty_assessment,20251220_002738,✅,✅,✅,✅,✅,✅,✅,✅,✅,✅,❌
quiz_302080_sibling_4,article_101010,e47d50431e59,"The Open Road, Part III",Why does the author describe the friends jumping into a d...,73%,❌,8/11,"plausibility, homogeneity, length_check",20251220_013656,✅,❌,❌,✅,✅,✅,✅,✅,❌,✅,✅
quiz_302081,article_101010,72002b9de03c,"The Open Road, Part III","Read the sentence from the passage. ""He did not want to d...",100%,✅,11/11,,20251220_002738,✅,✅,✅,✅,✅,✅,✅,✅,✅,✅,✅
quiz_302081_sibling_1,article_101010,e35955573439,"The Open Road, Part III",Read these sentences from the passage: 'He did not want t...,91%,✅,10/11,standard_alignment,20251220_002738,✅,✅,✅,✅,❌,✅,✅,✅,✅,✅,✅
quiz_302081_sibling_2,article_101010,435bd6e2633b,"The Open Road, Part III",What does Toad's statement 'This is the real life for a g...,100%,✅,11/11,,20251220_002738,✅,✅,✅,✅,✅,✅,✅,✅,✅,✅,✅
quiz_302081_sibling_3,article_101010,72d8d0105edc,"The Open Road, Part III","Based on the passage, what message does the author convey...",91%,✅,10/11,length_check,20251220_002738,✅,✅,✅,✅,✅,✅,✅,✅,❌,✅,✅
quiz_302081_sibling_4,article_101010,9dfcc1c6dfc8,"The Open Road, Part III",What lesson can readers learn from how the friends' pleas...,82%,✅,9/11,"plausibility, homogeneity",20251220_013656,✅,❌,❌,✅,✅,✅,✅,✅,✅,✅,✅
quiz_302082,article_101010,52c7dbbc64af,"The Open Road, Part III",When Toad first sees the motor car with its shiny glass a...,73%,❌,8/11,"plausibility, standard_alignment, clarity_precision",20251220_002738,✅,❌,✅,✅,❌,❌,✅,✅,✅,✅,✅
quiz_302082_sibling_1,article_101010,7bbcea3709b3,"The Open Road, Part III",When Toad stretches out his legs and says 'This is the re...,82%,✅,9/11,"plausibility, standard_alignment",20251220_002738,✅,❌,✅,✅,❌,✅,✅,✅,✅,✅,✅
quiz_302082_sibling_2,article_101010,edd83ad163ae,"The Open Road, Part III","Based on Rat's angry reaction after the crash, shaking hi...",82%,✅,9/11,"plausibility, standard_alignment",20251220_002738,✅,❌,✅,✅,❌,✅,✅,✅,✅,✅,✅
quiz_302082_sibling_3,article_101010,988f88313a23,"The Open Road, Part III",When the friends first hear the faint 'toot-toot' that so...,91%,✅,10/11,standard_alignment,20251220_002738,✅,✅,✅,✅,❌,✅,✅,✅,✅,✅,✅
quiz_302082_sibling_4,article_101010,88e2c205646b,"The Open Road, Part III",After the wagon crashes and Rat shouts at the motor car d...,82%,✅,9/11,"plausibility, standard_alignment",20251220_002738,✅,❌,✅,✅,❌,✅,✅,✅,✅,✅,✅
