question_id,status,score,checks_passed,checks_total,question_text,option_A,option_B,option_C,option_D,correct_answer,CCSS,DOK,clarity_precision_status,clarity_precision_reason,grammatical_parallel_status,grammatical_parallel_reason,homogeneity_status,homogeneity_reason,length_check_status,length_check_reason,passage_reference_status,passage_reference_reason,plausibility_status,plausibility_reason,single_correct_answer_status,single_correct_answer_reason,specificity_balance_status,specificity_balance_reason,standard_alignment_status,standard_alignment_reason,too_close_status,too_close_reason
guiding_21014_302001_sibling_1,✅ PASSED,90%,9,10,"When Aladdin's father died, his mother had to work hard to earn money for",travel and adventures,food and shelter,fancy clothes and jewelry,books and school supplies,B,RL.3.1,1,✅,"The question is clear and unambiguous. The pronouns are properly referenced (Aladdin's father, his mother), the sentence structure is straightforward, and the question asks a specific, understandable concept: what did Aladdin's mother need to earn money for after his father died. The answer choices ",✅,"All four answer choices follow the same grammatical pattern: each consists of two plural nouns connected by ""and"" (noun + and + noun). Specifically: A) travel and adventures B) food and shelter C) fancy clothes and jewelry D) books and school supplies  While there is minor variation in that some nou",✅,"All answer choices represent the same conceptual category: types of expenses or things that money can be spent on. Each option (travel/adventures, food/shelter, fancy clothes/jewelry, books/school supplies) represents a different category of expenditure that Aladdin's mother might have worked to aff",✅,Choice lengths are balanced,✅,"The question ""When Aladdin's father died, his mother had to work hard to earn money for"" does not contain any specific passage references such as paragraph numbers, line numbers, section titles, or structural elements. It is simply asking about content related to the story of Aladdin without referen",✅,"All three incorrect choices (A, C, and D) are plausible distractors. They represent things that require money and could reasonably confuse a student who partially understands the story. A student might think: (A) the mother worked to fund Aladdin's adventures, (C) to provide luxuries for the family,",❌,"The passage field is empty - there is no text provided to validate the answer against. Without passage content, it's impossible to determine if answer B (food and shelter) is the only defensibly correct answer or if other options could also be supported. The question cannot be properly validated wit",✅,"All four answer choices follow the same structural pattern: [category] and [category]. Each option presents two related items at a similar level of generality: - A) ""travel and adventures"" - two general leisure concepts - B) ""food and shelter"" - two basic necessities - C) ""fancy clothes and jewelry""",✅,"The question directly assesses RL.3.1 (Ask and answer questions about key details). The question asks students to identify a key detail from the text - specifically, what Aladdin's mother had to work for after his father died. This requires students to locate and recall explicit information from the",✅,"None of the distractors are synonymous with or degree-variants of 'food and shelter'; they refer to luxuries (A, C) or education (D), not basic necessities."
guiding_21015_302002_sibling_1,✅ PASSED,90%,9,10,Which word best describes how the magician acts when Aladdin cannot hand him the lamp right away?,patient,playful,angry,thankful,C,RL.3.3,1,✅,"The question is clear and precise. It has a specific subject (the magician), a clear action being evaluated (how he acts), a defined moment (when Aladdin cannot hand him the lamp right away), and asks for a straightforward descriptor (which word best describes). The pronouns ""him"" clearly refers to ",✅,"All four answer choices are single adjectives: ""patient,"" ""playful,"" ""angry,"" and ""thankful."" They follow the same grammatical pattern and structure, with each being a one-word adjective that could describe someone's behavior or demeanor. This is consistent parallelism.",✅,"All four answer choices (patient, playful, angry, thankful) are emotional states or character traits that describe how someone acts or behaves. They all belong to the same conceptual category of descriptive adjectives for behavior/demeanor. The question asks how the magician acts, and all options ap",✅,All choices are 3 words or less,✅,"The question does not contain any specific passage references such as paragraph numbers, line numbers, section titles, or page numbers. It simply asks about content that should be found somewhere in the passage (how the magician acts when Aladdin cannot hand him the lamp right away). Since there are",✅,"All three incorrect choices (A: patient, B: playful, D: thankful) are plausible distractors for this question about the magician's behavior in the Aladdin story. ""Patient"" could fool students who misremember the scene or confuse it with earlier parts where the magician might have been more controlle",❌,"I cannot validate this question because the passage itself is missing. Without the passage text, I cannot determine whether the magician's behavior when Aladdin cannot hand him the lamp is described in a way that makes ""angry"" (choice C) the only defensibly correct answer, or whether other options l",✅,"All four answer choices are single-word adjectives describing emotional states or attitudes at the same level of specificity. ""Patient,"" ""playful,"" ""angry,"" and ""thankful"" are all common, straightforward descriptors of behavior/emotion that are equally accessible and concrete. None are overly techni",✅,"The question directly assesses RL.3.3, which requires students to describe characters and explain how their actions contribute to story events. The question asks students to describe the magician's character (specifically his emotional state/behavior) based on his actions when Aladdin cannot immedia",✅,"None of the distractors (patient, playful, thankful) are synonymous with or easily confusable with 'angry'; they are semantic opposites or unrelated moods."
guiding_21016_302003_sibling_1,❌ FAILED,60%,6,10,The reader can tell this story is a fantasy because the magician,traveled from far away,promised to help Aladdin,spoke magic words that made the sky turn dark,climbed up a steep mountain,C,RL.3.5,2,❌,"The question has a critical clarity issue: it references ""this story"" without providing the passage/story itself. Students cannot answer the question because they don't have access to the text being referenced. While the question structure is clear and the answer choices are unambiguous, the missing",✅,All four answer choices follow the same grammatical pattern: each is a verb phrase in past tense beginning with a verb and followed by additional information. Specifically: - A) traveled (verb) + prepositional phrase - B) promised (verb) + infinitive phrase - C) spoke (verb) + noun phrase + relative,❌,"The question asks what makes this story a fantasy. All choices should be elements that indicate fantasy genre. However, choices A, B, and D (traveled from far away, promised to help, climbed a mountain) are ordinary, realistic actions that could occur in any story type. Only choice C (spoke magic wo",❌,Correct answer (9 words) too long,✅,"The question ""The reader can tell this story is a fantasy because the magician"" does not contain any specific structural references to the passage such as paragraph numbers, line numbers, section titles, quotes, or page numbers. It is a general question about the content. Since there are no passage ",✅,"All three incorrect choices (A, B, D) are plausible distractors. They represent events that could reasonably occur in the Aladdin story but don't definitively indicate fantasy. A student who partially understands the concept of fantasy might confuse: - ""traveled from far away"" (A) - exotic settings ",✅,"The question asks what indicates this is a fantasy story. Let me evaluate each choice:  A) ""traveled from far away"" - This is realistic; people can travel from far away in real life B) ""promised to help Aladdin"" - This is realistic; people make promises in real life C) ""spoke magic words that made t",✅,"All four answer choices are at similar levels of specificity and detail. Each option describes a simple, concrete action or event: - A) ""traveled from far away"" - simple action with basic descriptor - B) ""promised to help Aladdin"" - simple action with object - C) ""spoke magic words that made the sky",❌,"The standard RL.3.5 requires students to refer to parts of stories, dramas, and poems when writing or speaking about a text, using terms like chapter, scene, and stanza, and to describe how each successive part builds on earlier sections. This is about understanding text structure and organization. ",✅,"Only option C clearly signals a fantasy element (supernatural magic), while A, B, and D describe ordinary actions that do not indicate fantasy. They are not synonymous with C nor equally supported."
guiding_21017_302004_sibling_1,❌ FAILED,50%,5,10,This story was most likely written to,explain how to become a merchant,describe the beauty of gardens and gems,show readers that being impatient can cause problems,tell readers about mountains in Persia,C,RL.3.6,2,❌,"The question has a critical clarity issue: it references ""This story"" but no passage/story is provided in the context given. Without the actual story text, students cannot determine the author's purpose. The question itself is grammatically clear and the answer choices are well-structured, but the q",✅,"All four answer choices follow the same grammatical pattern: infinitive verb phrase (""to"" + verb) followed by a noun phrase or clause. Specifically: - A) ""to become"" (infinitive) + noun phrase - B) ""to describe"" (infinitive) + noun phrase - C) ""to show"" (infinitive) + noun phrase/clause - D) ""to tel",✅,This is an author's purpose question asking why the story was written. All four answer choices represent different possible purposes for writing the text: A) to explain/teach (how to become a merchant) B) to describe (beauty of gardens and gems) C) to teach a lesson/moral (about impatience) D) to in,❌,Correct answer (8 words) too long,✅,"The question ""This story was most likely written to"" does not contain any specific passage references such as paragraph numbers, line numbers, section titles, quotes, or other structural elements. It is a general question about the purpose or intent of the story. Since there are no passage reference",❌,"Choice D (""tell readers about mountains in Persia"") appears to be too specific and geographic to be a plausible distractor for a story's main purpose. While the story may be set in Persia with mountains mentioned, this is clearly a setting detail rather than the author's purpose. This would be obvio",❌,"I cannot validate this question because the passage itself is missing from the provided information. Without the actual story/passage text, I cannot determine whether: - Choice C (impatience causing problems) is the clear main purpose - Choices A, B, or D could also be defended as correct - The pass",✅,"All four answer choices are at similar levels of specificity. Each option describes a potential purpose of the story using comparable detail: - A) ""explain how to become a merchant"" - specific purpose with concrete subject - B) ""describe the beauty of gardens and gems"" - specific purpose with concre",❌,"RL.3.6 requires students to distinguish their own point of view from that of the narrator or characters. This question asks about author's purpose (""This story was most likely written to""), which assesses RL.3.2 (determining theme/central message/lesson) or RI.3.6 (author's purpose in informational ",✅,"The distractors focus on explaining a trade, describing scenery, or informing about geography, which are not synonymous with showing a moral about impatience."
quiz_302005_sibling_1,✅ PASSED,90%,9,10,"When the magician says Aladdin can ""take any treasures you want,"" what does the word ""treasures"" mean in this part of the story?",Valuable items like gems and jewels,Special memories from the adventure,Magical powers from the lamp,Friends who will help him escape,A,RL.3.4,2,✅,"The question is clear and precise. It asks for the meaning of a specific word (""treasures"") in a specific context (when the magician speaks to Aladdin). The question structure is straightforward with no ambiguous pronouns, double negatives, or overly complex syntax. The phrase ""in this part of the s",✅,"All four answer choices follow the same grammatical pattern: they are all noun phrases consisting of a plural noun (""items,"" ""memories,"" ""powers,"" ""friends"") modified by an adjective or descriptor (""Valuable,"" ""Special,"" ""Magical,"" ""Friends who will help him escape""). Each choice is then followed by",✅,"This is a word meaning question asking what ""treasures"" means in context. All four answer choices provide different possible interpretations/definitions of what ""treasures"" could mean: A) physical valuable items, B) memories, C) magical powers, D) helpful friends. Each choice represents a different ",✅,Choice lengths are balanced,✅,"The question references a quote from ""the magician"" saying ""take any treasures you want"" and asks about the meaning of ""treasures"" in ""this part of the story."" However, no passage text is actually provided - the passage field is empty. Since there are no specific structural references (like paragrap",✅,"All three incorrect choices (B, C, D) are plausible distractors for a vocabulary question about ""treasures"" in the Aladdin story context:  B) ""Special memories"" - This represents a common figurative interpretation of ""treasure"" that students encounter in modern contexts (e.g., ""treasured memories""),",❌,"The passage itself is missing from this question, making it impossible to verify whether answer A is the only defensibly correct answer. Without the actual text showing the context of when the magician says ""take any treasures you want,"" I cannot determine: 1) Whether ""treasures"" clearly refers to v",✅,"All four answer choices are at similar levels of specificity and detail. Each option provides a clear, concrete interpretation of what ""treasures"" could mean in the context: - A) ""Valuable items like gems and jewels"" - specific physical objects with examples - B) ""Special memories from the adventure",✅,"The question directly assesses RL.3.4, which requires students to determine the meaning of words and phrases as they are used in a text. The question explicitly asks what the word ""treasures"" means ""in this part of the story,"" requiring students to use context clues from the passage to determine the",✅,None of the distractors are synonymous with or easily confusable for 'treasures' as used here; only A refers to concrete valuable items.
quiz_302005_sibling_2,✅ PASSED,80%,8,10,"In the story, the magician tells Aladdin the lamp ""had amazing powers."" Based on the story, what does ""amazing powers"" mean?",The lamp can make a person very wealthy,The lamp can light up dark places,The lamp can tell the future,The lamp can make someone disappear,A,RL.3.4,2,✅,"The question is clear and precise. It directly asks students to interpret the meaning of ""amazing powers"" based on the story context. The quoted phrase is clearly attributed to the magician speaking to Aladdin. There are no ambiguous pronouns, double negatives, or overly complex structures. The ques",✅,"All four answer choices follow the same grammatical pattern. Each option consists of: - ""The lamp can"" + verb phrase - A) ""can make a person very wealthy"" - B) ""can light up dark places"" - C) ""can tell the future"" - D) ""can make someone disappear""  All choices use the modal verb ""can"" followed by a ",✅,"This is a word meaning question asking what ""amazing powers"" means in the context of the story. All four answer choices (A-D) present different possible powers/abilities that the lamp could have - making someone wealthy, lighting dark places, telling the future, or making someone disappear. Each cho",❌,Correct answer (8 words) too long,✅,"The question does not contain any specific structural references to the passage (no paragraph numbers, line numbers, section titles, or page numbers). It only references a quote (""had amazing powers"") that would need to exist in the passage for the question to be valid, but the task is specifically ",✅,"All three incorrect choices (B, C, D) are plausible distractors for a question about a magic lamp's ""amazing powers."" Choice B (lighting up dark places) is a reasonable literal interpretation since it is a lamp. Choice C (telling the future) and Choice D (making someone disappear) are both common ma",❌,"The passage provided is empty/missing. Without the actual story text, I cannot verify whether ""amazing powers"" specifically refers to making someone wealthy (A), lighting dark places (B), telling the future (C), or making someone disappear (D). The question asks what ""amazing powers"" means ""based on",✅,"All four answer choices are at similar levels of specificity. Each option describes a single, concrete capability that a magical lamp might have: making someone wealthy (A), providing light (B), predicting future events (C), or causing disappearance (D). All are expressed in simple, parallel languag",✅,"The question directly assesses RL.3.4, which requires students to determine the meaning of words and phrases as they are used in a text. The question asks students to interpret what ""amazing powers"" means based on the story context. Students must use textual evidence to determine which answer choice",✅,Options B–D describe different abilities and are not synonymous with or equally supported as A; there is no double-key risk.
quiz_302005_sibling_3,✅ PASSED,80%,8,10,"The magician tells Aladdin about ""a great treasure"" under the stone. What does the phrase ""great treasure"" mean in this story?",Something very valuable that will make Aladdin rich,A wonderful story about kings and queens,A close friendship between two people,A beautiful place to visit on vacation,A,RL.3.4,2,✅,"The question is clear and precise. It asks students to interpret the meaning of a specific phrase (""great treasure"") within the context of the story. The phrase is properly quoted and attributed to a specific character and situation. There are no ambiguous pronouns, double negatives, or overly compl",✅,"All four answer choices follow the same grammatical pattern. Each option consists of: 1. An indefinite article (""A"") 2. An adjective modifier (""very valuable"", ""wonderful"", ""close"", ""beautiful"") 3. A noun phrase that serves as the subject 4. Additional descriptive elements (relative clauses or prepo",✅,"This is a word meaning question asking what the phrase ""great treasure"" means in the story context. All four answer choices provide different possible definitions/meanings of what ""great treasure"" could refer to: A) valuable riches, B) a story, C) a friendship, D) a beautiful place. While these are ",❌,Correct answer (8 words) too long,✅,"The question references a specific quote ""a great treasure"" and states it appears in the passage where ""the magician tells Aladdin about 'a great treasure' under the stone."" However, no passage text is actually provided to verify against. Since the passage field is empty, I cannot verify whether thi",❌,"Choice B (""A wonderful story about kings and queens"") and Choice D (""A beautiful place to visit on vacation"") are obviously wrong and unrelated to what ""treasure"" means in any context. While Choice C (""A close friendship"") could represent a metaphorical interpretation of ""treasure,"" Choices B and D ",✅,"The phrase ""great treasure"" in the context of Aladdin stories universally refers to valuable material wealth.   A) ""Something very valuable that will make Aladdin rich"" - This is the literal and contextual meaning of ""treasure"" in this story context. Correct.  B) ""A wonderful story about kings and q",✅,"All four answer choices are at similar levels of specificity and detail. Each option provides a simple, clear interpretation of ""great treasure"" using everyday language: - A: ""Something very valuable that will make Aladdin rich"" (concrete material wealth) - B: ""A wonderful story about kings and quee",✅,"The question directly assesses RL.3.4, which requires students to determine the meaning of words and phrases as they are used in a text. The question asks students to interpret what ""great treasure"" means specifically in the context of this story (Aladdin). The answer choices require students to dis",✅,"Only option A matches the clear, literal meaning of 'great treasure' as wealth in the Aladdin context; the other options are unrelated concepts."
quiz_302005_sibling_4,✅ PASSED,80%,8,10,"What does the magician mean when he says the ring ""will keep you safe from any harm""?",The ring will protect Aladdin from danger,The ring will help Aladdin find his way home,The ring will make Aladdin invisible to others,The ring will give Aladdin the strength to lift heavy stones,A,RL.3.4,2,✅,"The question is clear and precise. It directly asks what the magician means by a specific quoted phrase ""will keep you safe from any harm."" There are no ambiguous pronouns - ""he"" clearly refers to the magician, and ""you"" refers to the person being addressed (presumably Aladdin based on context). The",✅,"All four answer choices follow the same grammatical pattern. Each option begins with ""The ring will"" followed by a verb phrase: - A) ""will protect Aladdin from danger"" - B) ""will help Aladdin find his way home"" - C) ""will make Aladdin invisible to others"" - D) ""will give Aladdin the strength to lift",✅,"All answer choices interpret what ""keep you safe from any harm"" means by offering different types of magical protection or powers the ring might provide. Each choice presents a different possible meaning/function of the ring's protective power: physical protection (A), navigation help (B), invisibil",❌,Shortest distractor (8 words) too long,✅,"The question asks about what the magician means when he says the ring ""will keep you safe from any harm"". This question contains a quote reference but does not make any specific structural references to the passage such as paragraph numbers, line numbers, section titles, or page numbers. Since the q",✅,"All three incorrect choices (B, C, D) are plausible distractors. Each represents a reasonable misinterpretation of what ""keep you safe from any harm"" might mean in a magical context: - B (finding way home) relates to safety through navigation/not being lost - C (invisibility) is a common magical pro",❌,"The passage itself is missing from this question, making it impossible to verify whether answer A is the only defensibly correct answer or if other options could also be supported. Without the actual passage text, I cannot determine if the magician's statement ""will keep you safe from any harm"" is d",✅,"All four answer choices are at similar levels of specificity and detail. Each option presents a concrete, specific function that the ring could perform: - A: protection from danger - B: navigation/wayfinding assistance - C: invisibility power - D: enhanced physical strength  Each choice uses straigh",✅,"The standard RL.3.4 requires students to determine the meaning of words and phrases as they are used in a text, distinguishing literal from non-literal language. This question directly assesses this skill by asking students to interpret what the phrase ""will keep you safe from any harm"" means in con",✅,Only option A paraphrases 'keep you safe from any harm'; other options introduce unrelated abilities not implied by the phrase.
quiz_302006_sibling_1,✅ PASSED,90%,9,10,Why does Aladdin become trapped in the cave?,He refuses to hand over the lamp immediately.,He steals too many treasures from the garden.,He accidentally breaks the magic spell.,He loses the special ring the magician gave him.,A,RL.3.3,2,✅,"The question is clear, precise, and unambiguous. It asks a straightforward cause-and-effect question about a specific event (Aladdin becoming trapped in the cave). The subject ""Aladdin"" is clearly identified, the verb ""become trapped"" is specific, and the location ""in the cave"" is unambiguous. There",✅,"All four answer choices follow the same grammatical pattern: Subject (""He"") + verb in simple present tense + object/complement. Each choice is a complete sentence with parallel structure: - A) He refuses... - B) He steals... - C) He accidentally breaks... - D) He loses...  The addition of the adverb",✅,"All answer choices represent possible causal explanations for why Aladdin becomes trapped in the cave. Each option presents a different action or event (refusing to hand over the lamp, stealing treasures, breaking a spell, losing the ring) that could serve as the reason for the entrapment. They all ",✅,Choice lengths are balanced,✅,"The question ""Why does Aladdin become trapped in the cave?"" does not contain any specific passage references such as paragraph numbers, line numbers, section titles, quotes, or other structural elements. It is a straightforward content question that does not reference any particular location within ",✅,"All three incorrect choices (B, C, D) are plausible distractors for the Aladdin story:  B) ""He steals too many treasures from the garden"" - This is plausible because Aladdin does encounter a magical garden with jeweled fruits in the cave, and a student might reasonably confuse taking treasures as th",❌,"I cannot validate this question because no passage was provided. The task requires verifying that exactly one answer can be ""defended based on the passage,"" but there is no passage text included to reference. Without the passage, I cannot determine whether answer A (or any other option) is defensibl",✅,"All four answer choices are at similar levels of specificity and detail. Each option provides a concrete action or event with comparable complexity: - A) ""refuses to hand over the lamp immediately"" - specific action with timing detail - B) ""steals too many treasures from the garden"" - specific actio",✅,"The question directly assesses RL.3.3, which requires students to describe characters and explain how their actions contribute to story events. The question asks students to identify WHY Aladdin becomes trapped (the consequence) by connecting it to a character's action (Aladdin refusing to hand over",✅,"None of the distractors are synonymous with or easily confused with the correct cause. They present distinct, unsupported causes (stealing treasures, breaking a spell, losing a ring) versus refusing to hand over the lamp."
quiz_302006_sibling_2,✅ PASSED,80%,8,10,What causes the magician to become angry with Aladdin?,Aladdin cannot give him the lamp right away.,Aladdin touches the treasures he was told not to touch.,Aladdin tells his mother about the cave.,Aladdin drops the lamp and it breaks.,A,RL.3.3,2,✅,"The question is clear, precise, and unambiguous. It uses straightforward language asking for a specific cause-and-effect relationship (what causes the magician's anger). The subject ""the magician"" is clearly identified, as is ""Aladdin."" There are no ambiguous pronouns, double negatives, or overly co",✅,"All four answer choices follow the same grammatical pattern. Each option is a complete sentence in the present tense with the structure: ""Aladdin"" (subject) + verb phrase + object/complement. Specifically: A) Aladdin cannot give him the lamp right away. B) Aladdin touches the treasures he was told n",✅,This is a character motivation/cause question asking what triggers the magician's anger. All four answer choices present different possible actions by Aladdin that could cause the magician's anger: A) A delay in obtaining the lamp B) Disobeying instructions about treasures C) Revealing information t,✅,Choice lengths are balanced,✅,"The question ""What causes the magician to become angry with Aladdin?"" does not contain any specific passage references such as paragraph numbers, line numbers, section titles, quotes, or page numbers. It is a straightforward content question that does not reference any structural elements of the pas",✅,"All three incorrect choices (B, C, D) are plausible distractors for the Aladdin story. Choice B relates to a common element in the tale where Aladdin is given instructions about the treasures in the cave. Choice C involves a logical story element about telling his mother, which could confuse student",❌,"I cannot validate this question because no passage is provided. The task requires verifying that exactly one answer can be ""defended based on the passage,"" but there is no passage text included to reference. Without the passage, I cannot determine: 1) Whether answer A is actually supported 2) Whethe",✅,All four answer choices are at similar levels of specificity and detail. Each option presents a concrete action or situation involving Aladdin that could cause the magician's anger: - A) describes a timing/availability issue with the lamp - B) describes a rule violation regarding treasures - C) desc,❌,"The assigned standard is RL.3.3: ""Describe characters and explain how their actions contribute to story events."" This standard requires students to make connections between character actions and their consequences/effects on the plot.  The question asks ""What causes the magician to become angry with",✅,"The distractors describe different causes (touching treasure, telling his mother, breaking the lamp) and are not synonymous with A. Only A matches the typical cause of the magician’s anger."
quiz_302006_sibling_3,✅ PASSED,70%,7,10,What happens as a result of Aladdin collecting too many gems?,His bag becomes too heavy to climb out easily.,The magician refuses to help him at all.,The cave begins to collapse around him.,The magic ring stops working properly.,A,RL.3.3,2,✅,"The question is clear, precise, and unambiguous. It uses straightforward language with no ambiguous pronouns, double negatives, or overly complex structure. ""What happens as a result of Aladdin collecting too many gems?"" directly asks about a cause-and-effect relationship that is easy to understand.",✅,"All four answer choices follow the same grammatical pattern: they are complete sentences in the present tense with the same structure (Subject + Verb + Object/Complement). Each begins with a noun phrase as the subject (""His bag,"" ""The magician,"" ""The cave,"" ""The magic ring"") followed by a verb phras",✅,"All answer choices describe consequences or results of Aladdin collecting too many gems. Each option presents a different negative outcome (bag too heavy, magician refuses help, cave collapses, ring stops working), but they all belong to the same conceptual category: they are all potential consequen",❌,Correct answer (9 words) too long,✅,"The question ""What happens as a result of Aladdin collecting too many gems?"" does not contain any specific passage references such as paragraph numbers, line numbers, section titles, quotes, or page numbers. It is a general content question about the passage. Since there are no passage references to",✅,"All three incorrect choices (B, C, D) are plausible distractors for the Aladdin story. Choice B relates to the magician's role and potential consequences of Aladdin's greed. Choice C invokes a common trope in treasure cave stories where taking too much triggers a collapse. Choice D references the ma",❌,"I cannot validate this question because no passage was provided. Without the passage text, I cannot verify whether answer A (or any other answer) is the only defensibly correct answer based on the source material. The question references events that should be described in a passage about Aladdin col",✅,"All four answer choices are at similar levels of specificity and detail. Each option presents a concrete, specific consequence of Aladdin collecting too many gems: - A) Describes a physical consequence (weight) and its effect (difficulty climbing) - B) Describes a character's action/reaction (magici",❌,"RL.3.3 requires students to describe characters and explain how their actions contribute to story events. This question asks about a consequence of Aladdin's action (collecting too many gems), which appears surface-level aligned. However, the question is actually testing reading comprehension of a c",✅,"Options B, C, and D describe distinct outcomes (lack of help, cave collapse, ring malfunction) and are not synonyms or degree variants of A's consequence (bag too heavy)."
quiz_302006_sibling_4,✅ PASSED,70%,7,10,Why does Aladdin say he cannot reach the lamp when the magician asks for it?,The lamp is buried deep in his heavy bag.,He dropped the lamp somewhere in the cave.,The lamp is still hanging in the garden tree.,He wants to keep the lamp for himself.,A,RL.3.3,2,✅,"The question is clear and unambiguous. It asks for a specific reason why Aladdin gives a particular excuse to the magician. The pronouns are clear - ""he"" refers to Aladdin and ""it"" refers to the lamp (which is explicitly mentioned). The sentence structure is straightforward with no double negatives ",✅,"All four answer choices follow the same grammatical pattern: they are complete sentences in the present tense with ""The lamp"" as the subject (A, B, C) or ""He"" as the subject (D). Each provides a declarative statement explaining a reason. While A, B, and C specifically mention ""the lamp"" and D uses """,✅,This is a character motivation/reasoning question asking why Aladdin says he cannot reach the lamp. All four answer choices provide different possible reasons or explanations for Aladdin's statement: A) Physical obstacle (lamp buried in bag) B) Physical circumstance (lamp was dropped) C) Physical lo,✅,Choice lengths are balanced,✅,"The question ""Why does Aladdin say he cannot reach the lamp when the magician asks for it?"" does not contain any specific structural references to the passage such as paragraph numbers, line numbers, section titles, page numbers, or other structural elements. It is a content-based question that asks",✅,"All three incorrect choices (B, C, D) are plausible distractors for the Aladdin story. Choice B (dropped the lamp) is reasonable as students might confuse the sequence of events in the cave. Choice C (lamp hanging in garden tree) relates to an actual location in the story where the lamp might be fou",❌,"The passage is missing - there is no text provided to verify the answer against. Without the passage, I cannot determine whether answer A (or any other answer) is defensibly correct, or whether multiple answers could be argued as correct. The question asks about a specific detail from the Aladdin st",✅,"All four answer choices are at similar levels of specificity and detail. Each option provides a concrete, single-clause explanation for why Aladdin cannot reach the lamp: - A: Physical location explanation (in bag) - B: Physical location explanation (dropped in cave) - C: Physical location explanati",❌,"The assigned standard is RL.3.3: ""Describe characters and explain how their actions contribute to story events."" This requires students to analyze character motivations and connect actions to plot consequences.  The question asks ""Why does Aladdin say he cannot reach the lamp when the magician asks ",❌,The prompt 'Why does Aladdin say he cannot reach the lamp?' can mean either the stated excuse (A) or his underlying motive (D). Both can be considered correct depending on interpretation.
quiz_302007_sibling_1,❌ FAILED,60%,6,10,"Based on the story, what is the main lesson about making promises?",Not all promises from strangers can be trusted.,Always keep your promises no matter what happens.,Making promises to family members is most important.,Promises about money will always come true.,A,RL.3.2,3,❌,"The question has a critical clarity issue: it references ""the story"" but no passage or story is provided. Students cannot answer what the ""main lesson about making promises"" is without knowing what story is being discussed. This makes the question impossible to evaluate or answer in its current form",✅,"All four answer choices follow the same grammatical pattern. Each option is a complete declarative sentence in the present tense with a modal verb or simple present: A) ""Not all promises from strangers can be trusted."" (modal verb construction) B) ""Always keep your promises no matter what happens."" ",✅,All four answer choices present different lessons or principles about promises. Each option offers a distinct moral or takeaway about the nature of promises: - A) addresses trustworthiness of promises from strangers - B) addresses commitment to keeping promises - C) addresses priority/importance of ,✅,Choice lengths are balanced,✅,"The question ""Based on the story, what is the main lesson about making promises?"" does not contain any specific structural references to passage elements such as paragraph numbers, line numbers, section titles, specific quotes, or page numbers. It makes a general reference to ""the story"" but does no",❌,"Choice D (""Promises about money will always come true"") is obviously wrong and a throwaway option. Any reasonable student would recognize this as an absolute statement that contradicts basic life experience - promises about money frequently are not kept. This is not a plausible misconception or a su",❌,"The passage itself is missing from this question, making it impossible to verify whether answer choice A (or any other choice) is defensibly correct based on textual evidence. Without the actual story content, I cannot determine: 1) Whether the story involves strangers making promises 2) What the ac",✅,All four answer choices are at similar levels of specificity and detail. Each option presents a complete lesson statement about promises with comparable complexity: - A) addresses trust and strangers (one qualifier) - B) addresses commitment and circumstances (one qualifier) - C) addresses importanc,❌,"RL.3.2 requires students to ""recount the story, including fables, folktales, and myths from diverse cultures; determine the central message, lesson, or moral and explain how it is conveyed through key details in the text.""  While this question does ask about a ""lesson"" (which aligns with determining",✅,"Options B, C, and D express different morals (keeping promises universally, prioritizing family promises, or guarantees about money) rather than the idea of trusting promises from strangers; none are synonymous or degree-only variations of A."
quiz_302007_sibling_2,❌ FAILED,60%,6,10,What lesson does the story teach about greed?,Greed can cause people to hurt others to get what they want.,Greedy people always get exactly what they deserve.,Working hard is better than being greedy for treasure.,Greed only happens to poor people who want money.,A,RL.3.2,3,❌,"The question has a critical clarity issue: it references ""the story"" without any story being provided in the passage section. Students cannot answer what lesson ""the story"" teaches about greed when no story is present. This creates complete ambiguity about what text they should be analyzing. While t",✅,"All four answer choices follow the same grammatical pattern: they are complete sentences that begin with a noun phrase about ""greed"" or ""greedy people"" followed by a verb phrase making a statement about greed. Each choice presents a complete declarative sentence with consistent structure (Subject + ",✅,"All four answer choices present potential lessons or moral statements about greed. Each option offers a different perspective on what the story might teach about greed (its effects on behavior, consequences, alternatives, or who experiences it), but they all remain within the same conceptual categor",❌,Correct answer (12 words) too long,✅,"The question ""What lesson does the story teach about greed?"" does not contain any specific passage references such as paragraph numbers, line numbers, section titles, quotes, or page numbers. It is a general question about the content/theme of the passage. Since there are no passage references to ve",✅,"Evaluating the incorrect choices (B, C, D):  **Choice B** (""Greedy people always get exactly what they deserve"") - This is a plausible distractor. It represents a common misconception about moral lessons in stories - the idea of ""just deserts"" or karma. Students often oversimplify story morals into ",❌,"I cannot validate this question because no passage was provided. The question explicitly references ""the story"" and asks what lesson it teaches, but there is no story text included for me to evaluate. Without the passage, I cannot determine: 1) Whether answer A is actually supported by the story 2) ",✅,"All four answer choices are at similar levels of specificity. Each presents a complete statement about greed using everyday language and similar sentence structures. They all make broad moral claims about greed (its effects, consequences, or scope) without being overly technical or varying significa",❌,"The assigned standard is RL.3.2, which requires students to ""recount stories, including fables, folktales, and myths from diverse cultures; determine the central message, lesson, or moral and explain how it is conveyed through key details in the text.""  While the question does ask about a lesson (mo",✅,"B asserts an absolute outcome, C shifts to a work-ethic moral rather than harm caused by greed, and D makes a false overgeneralization. None are near-synonymous with A or equally supported."
quiz_302007_sibling_3,❌ FAILED,50%,5,10,What does this story teach about judging people?,You cannot always tell if someone is good by how they act at first.,People who hug you are always telling the truth.,Magicians are always dishonest and cannot be trusted.,Poor people are more honest than rich people.,A,RL.3.2,3,❌,"The question has a critical clarity issue: it uses the ambiguous demonstrative pronoun ""this story"" without providing the actual story in the passage section. Students cannot answer what a story teaches about judging people when no story is present. The question assumes context that is missing, maki",✅,"All four answer choices follow the same grammatical pattern: they are complete declarative sentences that make statements about people or behavior. Each choice has a subject and predicate structure: - A) ""You cannot always tell..."" (complete sentence) - B) ""People who hug you are..."" (complete sente",✅,"All answer choices present lessons or moral statements about judging people or trustworthiness. Each option offers a different potential lesson that could be drawn from a story about evaluating others: A) about initial appearances, B) about trusting specific behaviors, C) about stereotyping occupati",❌,Correct answer (14 words) too long,✅,"The question ""What does this story teach about judging people?"" does not contain any specific passage references such as paragraph numbers, line numbers, section titles, quotes, or other structural elements. It is a general comprehension question about the passage's theme. Since there are no passage",❌,"Choice B (""People who hug you are always telling the truth"") is too obviously wrong and absurd to be a plausible distractor. Any reasonable student would recognize this as an extreme overgeneralization that doesn't represent a genuine lesson about judging people. Choice C makes an overgeneralization",❌,"I cannot validate this question because the passage itself is missing. Without the passage, I cannot determine: 1) Whether answer A is actually supported by the text 2) Whether any of the other answers (B, C, or D) could also be defended based on the passage content 3) Whether the passage addresses ",✅,All four answer choices are at similar levels of specificity and detail. Each option presents a complete moral lesson or judgment principle in straightforward language: - A) Makes a general statement about judging character based on initial behavior - B) Makes a specific claim about people who hug a,❌,"The assigned standard is RL.3.2, which requires students to recount stories and determine the central message, lesson, or moral. While the question does ask about what the story teaches (which aligns with identifying a lesson/moral), the answer choices present significant problems. Choices B, C, and",✅,"The distractors are not synonymous with A and make absolute or biased claims (always, specific groups) that are clearly different from the general lesson in A."
quiz_302007_sibling_4,❌ FAILED,50%,5,10,What does the story suggest about being patient?,Impatience can lead to making bad decisions that hurt others.,Patient people always get magical treasures in the end.,Being impatient helps you get things done faster.,Only children need to learn to be patient.,A,RL.3.2,3,❌,"The question has a critical clarity issue: it references ""the story"" but no story/passage is provided in the context given. Students cannot answer what a story ""suggests"" without having access to that story. While the question itself is grammatically clear and the answer choices are well-structured,",✅,"All four answer choices follow the same grammatical pattern: they are complete sentences in the present tense that make declarative statements about patience/impatience. Each choice has a subject (noun phrase) and predicate (verb phrase): A) ""Impatience can lead...""  B) ""Patient people always get...",✅,"All four answer choices address the same conceptual category: lessons or messages about patience/impatience. Each choice presents a different potential interpretation of what the story suggests about being patient - whether it's about consequences of impatience (A), rewards for patience (B), benefit",❌,Correct answer (10 words) too long,✅,"The question ""What does the story suggest about being patient?"" does not contain any specific passage references such as paragraph numbers, line numbers, section titles, quotes, or page numbers. It is a general interpretive question about the passage content. Since there are no passage references to",❌,"Choice B (""Patient people always get magical treasures in the end"") is a plausible distractor as it represents a common misconception about story morals - that patience is always literally rewarded. Choice C (""Being impatient helps you get things done faster"") represents another reasonable misconcep",❌,"The passage is missing from this question, making it impossible to verify whether answer A (or any answer) can be defended based on textual evidence. Without the passage, I cannot determine if: - The story actually shows impatience leading to bad decisions that hurt others (A) - The passage mentions",✅,"All four answer choices are at similar levels of specificity and detail. Each option presents a complete statement about patience that includes: (1) a subject (impatient people, patient people, being impatient, or only children), (2) a verb/action, and (3) a consequence or outcome. They are all writ",❌,"The assigned standard is RL.3.2, which requires students to ""recount the story, including fables, folktales, and myths from diverse cultures; determine the central message, lesson, or moral and explain how it is conveyed through key details in the text.""  While this question does ask about a lesson/",✅,None of the distractors are semantically close to option A; they express opposite or unrelated ideas.
quiz_302008_sibling_1,✅ PASSED,90%,9,10,The magician pretends to be Aladdin's uncle so he can trick Aladdin into helping him. What does this show about the magician's character?,He is dishonest and willing to lie to get what he wants.,He truly cares about Aladdin and wants to help him.,He is confused and really believes he is Aladdin's uncle.,He is generous and wants to share the treasure with Aladdin.,A,RL.3.2,3,✅,"The question is clear and unambiguous. It asks students to make an inference about the magician's character based on a specific action (pretending to be Aladdin's uncle to trick him). The pronoun ""this"" clearly refers to the deceptive behavior described in the previous sentence. The sentence structu",✅,"All four answer choices follow the same grammatical pattern. Each choice consists of: 1. A subject pronoun ""He"" 2. A linking verb ""is"" (or ""truly cares""/""wants"" in B, but still maintains parallel structure with ""He + verb"") 3. An adjective or descriptive phrase followed by ""and""  4. A second clause ",✅,"This is a character trait/motivation question asking what the magician's behavior reveals about his character. All four answer choices describe character traits or motivations: A) dishonest/manipulative, B) caring/helpful, C) confused/delusional, D) generous/sharing. While they present different int",✅,Choice lengths are balanced,✅,"The question does not contain any specific structural references to the passage (no paragraph numbers, line numbers, section titles, page numbers, or other structural elements are mentioned). The question simply refers to content about ""the magician pretends to be Aladdin's uncle"" without citing whe",✅,"Let me evaluate each incorrect choice (B, C, D):  **Choice B**: ""He truly cares about Aladdin and wants to help him"" - This is a plausible distractor because a student who doesn't fully understand deception might misinterpret the magician's actions as kindness, especially if the magician acts friend",✅,"The question asks what the magician's pretending to be Aladdin's uncle shows about his character. This is a straightforward character analysis question based on the stated action.  A) ""He is dishonest and willing to lie to get what he wants"" - This is directly supported. Pretending to be someone's u",✅,"All four answer choices are at similar levels of specificity and detail. Each option provides a character trait followed by a brief explanation of the magician's motivation or state of mind: - A: ""dishonest and willing to lie to get what he wants"" - B: ""truly cares about Aladdin and wants to help hi",❌,"The assigned standard is RL.3.2, which requires students to ""recount stories, including fables, folktales, and myths from diverse cultures; determine the central message, lesson, or moral and explain how it is conveyed through key details in the text.""  This question asks students to analyze what th",✅,"The statement that he pretends to be an uncle to trick Aladdin clearly supports dishonesty (A); options B, C, and D contradict the passage and are not supported."
quiz_302008_sibling_2,✅ PASSED,80%,8,10,Why does the magician choose Aladdin specifically to help him find the lamp?,He thinks Aladdin will follow directions without asking questions.,He knows Aladdin has special magical powers.,He believes Aladdin is the strongest boy in the city.,He wants to make Aladdin rich because they are related.,A,RL.3.2,3,✅,"The question is clear and unambiguous. It asks a specific question about the magician's motivation for choosing Aladdin. The pronouns are clear (""the magician"" and ""Aladdin"" are explicitly named), there are no double negatives, the sentence structure is straightforward, and the language is precise. ",✅,"All four answer choices follow the same grammatical pattern. Each option consists of: - Subject pronoun ""He"" - Verb (thinks/knows/believes/wants) - Noun clause beginning with ""that"" (implied in A, B, C) or infinitive phrase (D)  More specifically: A) He thinks [that] Aladdin will follow directions..",✅,This is a character motivation question asking why the magician chose Aladdin. All four answer choices provide possible reasons/motivations for the magician's choice: A) Motivation: Aladdin's obedience B) Motivation: Aladdin's magical powers C) Motivation: Aladdin's physical strength D) Motivation: ,✅,Choice lengths are balanced,✅,"The question ""Why does the magician choose Aladdin specifically to help him find the lamp?"" does not contain any specific passage references such as paragraph numbers, line numbers, section titles, quotes, or page numbers. It is a general comprehension question about the content. Since there are no ",✅,"Evaluating the incorrect choices (B, C, D):  B) ""He knows Aladdin has special magical powers"" - This is a plausible distractor. Students might confuse Aladdin's later acquisition of magical items (lamp, ring) with having inherent powers, or misremember the story's details.  C) ""He believes Aladdin i",❌,"The passage is missing - there is no text provided to validate the answer choices against. Without the passage, I cannot determine whether answer A is the only defensibly correct answer or if other options (B, C, or D) could also be supported. The question asks about the magician's specific motivati",✅,"All four answer choices are at similar levels of specificity and detail. Each option presents a single, straightforward reason for the magician's choice of Aladdin, expressed in simple, comparable language: - A: behavioral trait (following directions) - B: possession of powers (magical abilities) - ",❌,"The assigned standard is RL.3.2, which requires students to ""recount the story, including fables, folktales, and myths from diverse cultures; determine the central message, lesson, or moral and explain how it is conveyed through key details in the text.""  This question asks students to identify the ",✅,"None of the distractors are near-synonymous with A or equally supported; B, C, and D present clearly different reasons."
quiz_302008_sibling_3,✅ PASSED,80%,8,10,What does the magician's action of trapping Aladdin reveal about him?,"He only cares about getting the lamp, not about Aladdin's safety.",He is protecting Aladdin from dangerous treasures in the cave.,He plans to come back later to rescue Aladdin from the cave.,He accidentally trapped Aladdin without meaning to do it.,A,RL.3.2,3,✅,"The question is clear and precise. The pronoun ""him"" unambiguously refers to ""the magician"" (the subject of the sentence). The question asks students to make an inference about the magician's character based on his action of trapping Aladdin. The sentence structure is straightforward and appropriate",✅,"All four answer choices follow the same grammatical pattern: each is a complete sentence with a subject (""He"") and predicate. Each choice presents a statement about the magician's motivations or actions in a consistent declarative sentence structure. While the sentences vary in length and complexity",✅,This is a character motivation/intention question asking what the magician's action reveals about him. All four answer choices address the same conceptual category - they each provide a different possible motivation or intention behind the magician's action: A) Selfish motivation (prioritizing the l,✅,Choice lengths are balanced,✅,"The question ""What does the magician's action of trapping Aladdin reveal about him?"" does not contain any specific structural references to the passage such as paragraph numbers, line numbers, section titles, page numbers, or other structural elements. It simply asks about content (the magician's ac",✅,"All three incorrect choices (B, C, D) are plausible distractors for students who partially understand the Aladdin story:  B) ""He is protecting Aladdin from dangerous treasures"" - This could fool students who misinterpret the magician's warnings about touching things in the cave, confusing cautionary",❌,"The passage text is missing - only ""Passage:"" appears with no actual content provided. Without the passage, I cannot verify whether answer A (or any answer) is defensibly correct based on textual evidence. The question asks what the magician's action ""reveals"" which requires specific details from th",✅,All four answer choices are at similar levels of specificity and detail. Each option provides: - A clear motivation or explanation for the magician's action - A complete cause-and-effect statement - Similar sentence structure and complexity - Comparable length (roughly 10-15 words each) - Same level,❌,"The assigned standard is RL.3.2, which requires students to ""recount stories, including fables, folktales, and myths from diverse cultures; determine the central message, lesson, or moral and explain how it is conveyed through key details in the text.""  This question asks students to analyze what th",✅,"The distractors present opposite or clearly different motives (protection, future rescue, accident), not synonymous with A’s selfish intent. None are equally supported by the typical narrative context."
quiz_302008_sibling_4,✅ PASSED,80%,8,10,What does Aladdin's mother's reaction to the stranger tell you about her?,She is trusting and believes what people tell her.,She knows the man is lying but pretends to believe him.,She is suspicious and doesn't want the man in her home.,She remembers meeting the man many years ago.,A,RL.3.2,3,✅,"The question is clear and precise. It asks what Aladdin's mother's reaction reveals about her character, which is a straightforward comprehension question. The pronouns are unambiguous - ""her"" clearly refers to Aladdin's mother, and ""the stranger"" is a clear reference to a character in the passage. ",✅,"All four answer choices follow the same grammatical pattern. Each option consists of: - A subject pronoun ""She"" - A verb phrase describing her state or action - Additional clauses providing more detail  Specifically: A) ""She is trusting and believes..."" B) ""She knows... but pretends..."" C) ""She is s",✅,This is a character analysis question asking what the mother's reaction reveals about her. All four answer choices describe different possible character traits or states of mind of Aladdin's mother: A) Her level of trust/credulity B) Her awareness and deceptiveness C) Her suspicion and boundaries D),✅,Choice lengths are balanced,✅,"The question asks ""What does Aladdin's mother's reaction to the stranger tell you about her?"" This question does not contain any specific structural references to the passage such as paragraph numbers, line numbers, section titles, page numbers, or other structural elements. It simply refers to cont",✅,"Evaluating the incorrect choices (B, C, D):  B) ""She knows the man is lying but pretends to believe him"" - This is a plausible misreading of the mother's behavior. A student might interpret politeness or hesitation as knowing deception, representing a reasonable misconception about character motivat",❌,"The passage text is missing, making it impossible to verify whether answer A is the only defensibly correct answer or if other options (B, C, or D) could also be supported. Without the passage describing Aladdin's mother's actual reaction to the stranger, I cannot determine if she is trusting (A), p",✅,"All four answer choices are at similar levels of specificity and detail. Each option: - Describes a single character trait or state of mind (trusting, knowing/pretending, suspicious, remembering) - Includes a brief elaboration that explains the trait in context - Uses comparable sentence structure a",❌,"The assigned standard is RL.3.2, which requires students to ""recount stories, including fables, folktales, and myths from diverse cultures; determine the central message, lesson, or moral and explain how it is conveyed through key details in the text.""  This question asks students to analyze a chara",✅,"Options B and C present opposite traits to A (deception awareness or suspicion), and D is unrelated. None are synonymous with A or differ only in degree."
